Configuration,Term,J,"LevelТ 
Т (cm-1)","UncertaintyТ 
Т (cm-1)",LandУЉ-g,Leading percentages,,,,,,,Reference
,,,,,,,,,,,,,
3d5,aТ 6S,5/2,0.0000,0.0007,,,,,,,,,L18847
,,,,,,,,,,,,,
3d4(5D)4s,aТ 6D,1/2,11 961.7464,0.0005,3.323,,,,,,,,"L18847,L7185"
,,3/2,12 032.5447,0.0005,1.867,,,,,,,,"L18847,L7185"
,,5/2,12 147.7713,0.0005,1.669,,,,,,,,"L18847,L7185"
,,7/2,12 303.8200,0.0005,1.578,,,,,,,,"L18847,L7185"
,,9/2,12 496.4565,0.0005,1.554,,,,,,,,"L18847,L7185"
,,,,,,,,,,,,,
3d4(5D)4s,aТ 4D,1/2,19 528.2293,0.0005,0.000,,,,,,,,"L18847,L7185"
,,3/2,19 631.2058,0.0005,1.192,,,,,,,,"L18847,L7185"
,,5/2,19 797.8594,0.0005,1.370,,,,,,,,"L18847,L7185"
,,7/2,20 024.0117,0.0005,1.427,,,,,,,,"L18847,L7185"
,,,,,,,,,,,,,
3d5,aТ 4G,5/2,20 512.0630,0.0005,0.599,,,,,,,,"L18847,L7185"
,,11/2,20 512.0959,0.0007,1.278,,,,,,,,"L18847,L7185"
,,7/2,20 517.7920,0.0005,0.994,,,,,,,,"L18847,L7185"
,,9/2,20 519.2694,0.0006,1.161,,,,,,,,"L18847,L7185"
,,,,,,,,,,,,,
3d5,aТ 4P,5/2,21 822.5042,0.0005,1.590,,,,,,,,"L18847,L7185"
,,1/2,21 823.7200,0.0005,2.693,,,,,,,,"L18847,L7185"
,,3/2,21 824.1406,0.0005,1.717,,,,,,,,"L18847,L7185"
,,,,,,,,,,,,,
3d5,bТ 4D,7/2,25 033.6679,0.0005,1.432,,,,,,,,"L18847,L7185"
,,1/2,25 035.3437,0.0008,-0.045,,,,,,,,"L18847,L7185"
,,3/2,25 042.7595,0.0005,1.207,,,,,,,,"L18847,L7185"
,,5/2,25 046.7144,0.0005,1.381,,,,,,,,"L18847,L7185"
,,,,,,,,,,,,,
3d4(aТ 3P)4s,bТ 4P,1/2,29 951.8162,0.0010,2.685,,,,,,,,"L18847,L7185"
,,3/2,30 307.3672,0.0006,1.756,,,,,,,,"L18847,L7185"
,,5/2,30 864.4328,0.0005,1.572,,,,,,,,"L18847,L7185"
,,,,,,,,,,,,,
3d5,aТ 2I,11/2,30 143.2469,0.0009,,,,,,,,,L18847
,,13/2,30 149.8747,0.0010,,,,,,,,,L18847
,,,,,,,,,,,,,
3d4(3H)4s,aТ 4H,7/2,30 156.7340,0.0007,0.667,,,,,,,,"L18847,L7185"
,,9/2,30 218.7787,0.0005,0.978,,,,,,,,"L18847,L7185"
,,11/2,30 298.4679,0.0007,1.162,,,,,,,,"L18847,L7185"
,,13/2,30 391.8311,0.0006,1.234,,,,,,,,"L18847,L7185"
,,,,,,,,,,,,,
3d4(aТ 3F)4s,aТ 4F,3/2,31 082.8842,0.0007,0.418,,,,,,,,"L18847,L7185"
,,5/2,31 117.3254,0.0005,1.032,,,,,,,,"L18847,L7185"
,,7/2,31 168.5755,0.0005,1.246,,,,,,,,"L18847,L7185"
,,9/2,31 219.3322,0.0005,1.340,,,,,,,,"L18847,L7185"
,,,,,,,,,,,,,
3d5,aТ 2D,5/2,31 350.8736,0.0013,,,,,,,,,L18847
,,3/2,31 531.1762,0.0015,,,,,,,,,L18847
,,,,,,,,,,,,,
3d5,aТ 2F,7/2,32 355.6538,0.0012,,,,,,,,,L18847
,,5/2,32 603.3491,0.0012,,,,,,,,,L18847
,,,,,,,,,,,,,
3d5,bТ 4F,7/2,32 836.6527,0.0005,,,,,,,,,L18847
,,3/2,32 844.7068,0.0006,,,,,,,,,L18847
,,9/2,32 854.2497,0.0006,,,,,,,,,L18847
,,5/2,32 854.9399,0.0005,,,,,,,,,L18847
,,,,,,,,,,,,,
3d4(3G)4s,bТ 4G,5/2,33 417.9808,0.0006,0.588,,,,,,,,"L18847,L7185"
,,7/2,33 521.0904,0.0005,1.024,,,,,,,,"L18847,L7185"
,,9/2,33 618.9363,0.0005,1.185,,,,,,,,"L18847,L7185"
,,11/2,33 694.1421,0.0007,1.276,,,,,,,,"L18847,L7185"
,,,,,,,,,,,,,
3d4(3H)4s,aТ 2H,9/2,34 630.9154,0.0005,,62,,,,35,3d5,2H,"L18847,L7185"
,,11/2,34 812.9263,0.0005,,57,,,,41,3d5,2H,"L18847,L7185"
,,,,,,,,,,,,,
3d4(aТ 3P)4s,aТ 2P,1/2,34 659.2413,0.0010,0.670,,,,,,,,"L18847,L7185"
,,3/2,35 355.8964,0.0007,1.331,,,,,,,,"L18847,L7185"
,,,,,,,,,,,,,
3d4(aТ 3F)4s,bТ 2F,5/2,35 569.1826,0.0007,0.876,,,,,,,,"L18847,L7185"
,,7/2,35 607.5091,0.0005,1.144,,,,,,,,"L18847,L7185"
,,,,,,,,,,,,,
3d5,bТ 2H,9/2,35 610.3087,0.0008,,61,,,,37,3d4(3H)4s,2H,"L18847,L7185"
,,11/2,35 707.4682,0.0006,,58,,,,42,3d4(3H)4s,2H,"L18847,L7185"
,,,,,,,,,,,,,
3d5,aТ 2G,7/2,36 101.5238,0.0011,,,,,,,,,L18847
,,9/2,36 272.5173,0.0011,,,,,,,,,L18847
,,,,,,,,,,,,,
3d4(3D)4s,cТ 4D,7/2,38 269.5694,0.0009,,,,,,,,,L18847
,,5/2,38 314.8348,0.0009,,,,,,,,,L18847
,,3/2,38 362.3838,0.0008,,,,,,,,,L18847
,,1/2,38 396.190,0.002,,,,,,,,,L18847
,,,,,,,,,,,,,
3d4(3G)4s,bТ 2G,7/2,38 508.9221,0.0007,0.910,,,,,,,,"L18847,L7185"
,,9/2,38 563.0026,0.0006,1.100,,,,,,,,"L18847,L7185"
,,,,,,,,,,,,,
3d4(aТ 1G)4s,cТ 2G,7/2,39 683.7170,0.0011,,,,,,,,,L18847
,,9/2,39 824.3600,0.0011,,,,,,,,,L18847
,,,,,,,,,,,,,
3d5,cТ 2F,5/2,39 742.0403,0.0011,,,,,,,,,L18847
,,7/2,39 877.0347,0.0009,,,,,,,,,L18847
,,,,,,,,,,,,,
3d4(1I)4s,bТ 2I,13/2,40 202.1063,0.0008,,,,,,,,,L18847
,,11/2,40 228.2931,0.0008,,,,,,,,,L18847
,,,,,,,,,,,,,
3d4(aТ 1S)4s,aТ 2S,1/2,40 415.080,0.003,,,,,,,,,L18847
,,,,,,,,,,,,,
3d4(3D)4s,bТ 2D,5/2,42 897.9553,0.0011,,,,,,,,,L18847
,,3/2,42 986.5955,0.0013,,,,,,,,,L18847
,,,,,,,,,,,,,
3d5,bТ 2S,1/2,44 307.077,0.003,,,,,,,,,L18847
,,,,,,,,,,,,,
3d4(aТ 1D)4s,cТ 2D,3/2,45 669.3981,0.0013,,,,,,,,,L18847
,,5/2,45 730.5908,0.0010,,,,,,,,,L18847
,,,,,,,,,,,,,
3d4(5D)4p,zТ 6FТА,1/2,46 823.3062,0.0007,-0.689,100,,,,,,,"L18847,L7185"
,,3/2,46 905.1373,0.0006,1.124,100,,,,,,,"L18847,L7185"
,,5/2,47 040.2755,0.0006,1.314,100,,,,,,,"L18847,L7185"
,,7/2,47 227.2186,0.0006,1.378,100,,,,,,,"L18847,L7185"
,,9/2,47 464.5570,0.0006,1.416,100,,,,,,,"L18847,L7185"
,,11/2,47 751.6003,0.0006,,100,,,,,,,"L18847,L7185"
,,,,,,,,,,,,,
3d5,dТ 2D,5/2,47 354.366,0.002,,,,,,,,,L18847
,,3/2,47 372.435,0.003,,,,,,,,,L18847
,,,,,,,,,,,,,
3d4(5D)4p,zТ 6PТА,3/2,48 398.8721,0.0007,2.382,83,,,,,,,"L18847,L7185"
,,5/2,48 491.0569,0.0007,1.875,98,,,,,,,"L18847,L7185"
,,7/2,48 632.0590,0.0007,1.710,100,,,,,,,"L18847,L7185"
,,,,,,,,,,,,,
3d4(5D)4p,zТ 4PТА,1/2,48 749.2779,0.0007,2.844,67,,,,31,3d4(5D)4p,6DТА,"L18847,L7185"
,,3/2,49 005.8471,0.0007,1.802,55,,,,42,3d4(5D)4p,6DТА,"L18847,L7185"
,,5/2,49 706.2607,0.0007,1.624,71,,,,27,3d4(5D)4p,6DТА,"L18847,L7185"
,,,,,,,,,,,,,
3d4(5D)4p,zТ 6DТА,5/2,49 351.7336,0.0007,1.628,73,,,,26,3d4(5D)4p,4PТА,"L18847,L7185"
,,1/2,49 492.7111,0.0007,3.155,69,,,,31,3d4(5D)4p,4PТА,"L18847,L7185"
,,3/2,49 564.5038,0.0007,1.824,58,,,,41,3d4(5D)4p,4PТА,"L18847,L7185"
,,7/2,49 645.8058,0.0007,1.577,99,,,,,,,"L18847,L7185"
,,9/2,49 838.3799,0.0007,1.570,98,,,,,,,"L18847,L7185"
,,,,,,,,,,,,,
3d4(1F)4s,dТ 2F,7/2,50 667.2252,0.0010,,,,,,,,,L18847
,,5/2,50 687.6217,0.0010,,,,,,,,,L18847
,,,,,,,,,,,,,
3d4(5D)4p,zТ 4FТА,3/2,51 584.1004,0.0008,0.406,97,,,,,,,"L18847,L7185"
,,5/2,51 669.4060,0.0008,1.025,97,,,,,,,"L18847,L7185"
,,7/2,51 788.8149,0.0008,1.248,96,,,,,,,"L18847,L7185"
,,9/2,51 942.6640,0.0008,1.338,96,,,,,,,"L18847,L7185"
,,,,,,,,,,,,,
3d5,dТ 2G,7/2,52 297.7730,0.0014,,,,,,,,,L18847
,,9/2,52 320.978,0.003,,,,,,,,,L18847
,,,,,,,,,,,,,
3d34s2,cТ 4F,3/2,53 051.334,0.004,,,,,,,,,L18847
,,5/2,53 271.007,0.003,,,,,,,,,L18847
,,7/2,53 566.2511,0.0017,,,,,,,,,L18847
,,9/2,53 923.5169,0.0011,,,,,,,,,L18847
,,,,,,,,,,,,,
3d4(5D)4p,zТ 4DТА,1/2,54 417.9549,0.0008,0.007,98,,,,,,,"L18847,L7185"
,,3/2,54 499.4907,0.0008,1.178,98,,,,,,,"L18847,L7185"
,,5/2,54 625.5946,0.0008,1.376,98,,,,,,,"L18847,L7185"
,,7/2,54 784.4497,0.0008,1.430,98,,,,,,,"L18847,L7185"
,,,,,,,,,,,,,
3d4(aТ 3F)4s,dТ 4F,9/2,54 867.5086,0.0010,,,,,,,,,L18847
,,3/2,54 868.497,0.003,,,,,,,,,L18847
,,5/2,54 883.481,0.002,,,,,,,,,L18847
,,7/2,54 887.9858,0.0014,,,,,,,,,L18847
,,,,,,,,,,,,,
3d4(aТ 3P)4s,cТ 4P,5/2,55 023.0269,0.0012,,,,,,,,,L18847
,,3/2,55 398.6704,0.0019,,,,,,,,,L18847
,,1/2,55 626.093,0.003,,,,,,,,,L18847
,,,,,,,,,,,,,
3d4(aТ 3P)4s,bТ 2P,3/2,59 130.325,0.004,,,,,,,,,L18847
,,1/2,59 526.677,0.009,,,,,,,,,L18847
,,,,,,,,,,,,,
3d4(aТ 3F)4s,eТ 2F,7/2,59 570.155,0.002,,,,,,,,,L18847
,,5/2,59 577.687,0.004,,,,,,,,,L18847
,,,,,,,,,,,,,
3d4(bТ 1G)4s,eТ 2G,9/2,62 688.953,0.004,,,,,,,,,L18847
,,7/2,62 701.732,0.005,,,,,,,,,L18847
,,,,,,,,,,,,,
3d4(3H)4p,zТ 4HТА,7/2,63 600.8606,0.0011,0.680,82,,,,16,3d4(3G)4p,4HТА,"L18847,L7185"
,,9/2,63 706.2511,0.0011,1.030,80,,,,16,3d4(3G)4p,4HТА,"L18847,L7185"
,,11/2,63 848.6962,0.0011,1.138,80,,,,15,3d4(3G)4p,4HТА,"L18847,L7185"
,,13/2,64 030.5053,0.0011,1.234,83,,,,13,3d4(3G)4p,4HТА,"L18847,L7185"
,,,,,,,,,,,,,
3d4(aТ 3P)4p,yТ 4DТА,1/2,63 801.7500,0.0012,0.000,87,,,,7,3d4(aТ 3F)4p,4DТА,"L18847,L7185"
,,3/2,64 061.688,0.003,1.199,86,,,,8,3d4(aТ 3F)4p,4DТА,"L18847,L7185"
,,5/2,64 448.7503,0.0011,1.380,85,,,,10,3d4(aТ 3F)4p,4DТА,"L18847,L7185"
,,7/2,64 924.4609,0.0011,1.411,80,,,,14,3d4(aТ 3F)4p,4DТА,"L18847,L7185"
,,,,,,,,,,,,,
3d4(aТ 3P)4p,zТ 2SТА,1/2,65 029.3350,0.0011,,73,,,,7,3d4(aТ 3P)4p,4PТА,"L18847,L7185"
,,,,,,,,,,,,,
3d4(aТ 3F)4p,zТ 4GТА,5/2,65 156.4895,0.0011,0.593,79,,,,14,3d4(3G)4p,4GТА,"L18847,L7185"
,,7/2,65 256.8513,0.0011,0.920,70,,,,12,3d4(3G)4p,4GТА,"L18847,L7185"
,,9/2,65 383.9035,0.0011,1.120,59,,,,10,3d4(3G)4p,4GТА,"L18847,L7185"
,,11/2,65 709.4418,0.0011,1.265,73,,,,13,3d4(3G)4p,4GТА,"L18847,L7185"
,,,,,,,,,,,,,
3d4(3H)4p,zТ 4IТА,9/2,65 217.5070,0.0011,,96,,,,,,,"L18847,L7185"
,,11/2,65 419.5155,0.0011,,95,,,,,,,"L18847,L7185"
,,13/2,65 617.9458,0.0011,,96,,,,,,,"L18847,L7185"
,,15/2,65 812.6491,0.0011,,100,,,,,,,"L18847,L7185"
,,,,,,,,,,,,,
3d4(3H)4p,zТ 2GТА,7/2,65 542.8987,0.0011,,49,,,,33,3d4(aТ 3F)4p,2GТА,"L18847,L7185"
,,9/2,65 680.0091,0.0011,,41,,,,31,3d4(aТ 3F)4p,2GТА,"L18847,L7185"
,,,,,,,,,,,,,
3d34s2,dТ 4P,1/2,65 882.4132,0.0011,,,,,,,,,L18847
,,3/2,66 010.2463,0.0011,,,,,,,,,L18847
,,5/2,66 256.5589,0.0011,,,,,,,,,L18847
,,,,,,,,,,,,,
3d4(aТ 3P)4p,yТ 4PТА,1/2,66 256.4419,0.0015,2.545,76,,,,13,3d4(aТ 3P)4p,2SТА,"L18847,L7185"
,,3/2,66 354.7570,0.0011,1.671,90,,,,,,,"L18847,L7185"
,,5/2,66 726.7823,0.0011,1.502,92,,,,,,,"L18847,L7185"
,,,,,,,,,,,,,
3d4(aТ 3P)4p,zТ 2PТА,3/2,66 649.3915,0.0011,,53,,,,15,3d4(aТ 3F)4p,2DТА,"L18847,L7185"
,,1/2,66 871.8296,0.0011,,79,,,,14,3d4(aТ 3P)4p,2SТА,"L18847,L7185"
,,,,,,,,,,,,,
3d4(aТ 3F)4p,yТ 4FТА,5/2,67 012.0754,0.0011,,71,,,,13,3d4(aТ 3F)4p,2DТА,"L18847,L7185"
,,3/2,67 070.4394,0.0012,,51,,,,21,3d4(aТ 3P)4p,2PТА,"L18847,L7185"
,,7/2,67 393.4495,0.0012,,76,,,,10,3d4(3H)4p,4GТА,"L18847,L7185"
,,9/2,67 448.5405,0.0012,,63,,,,18,3d4(3H)4p,4GТА,"L18847,L7185"
,,,,,,,,,,,,,
3d4(3H)4p,yТ 4GТА,7/2,67 333.7774,0.0012,,60,,,,18,3d4(aТ 3F)4p,4FТА,"L18847,L7185"
,,5/2,67 344.0068,0.0012,,66,,,,13,3d4(aТ 3F)4p,4GТА,"L18847,L7185"
,,9/2,67 353.2671,0.0012,,51,,,,32,3d4(aТ 3F)4p,4FТА,"L18847,L7185"
,,11/2,67 369.0687,0.0012,,65,,,,22,3d4(aТ 3F)4p,4GТА,"L18847,L7185"
,,,,,,,,,,,,,
3d4(aТ 3F)4p,zТ 2DТА,3/2,67 379.2950,0.0012,,28,,,,32,3d4(aТ 3F)4p,4FТА,"L18847,L7185"
,,5/2,67 387.0906,0.0012,,50,,,,18,3d4(aТ 3F)4p,4FТА,"L18847,L7185"
,,,,,,,,,,,,,
3d4(3H)4p,zТ 2IТА,11/2,67 506.0890,0.0012,,93,,,,,,,"L18847,L7185"
,,13/2,67 588.8727,0.0012,,95,,,,,,,"L18847,L7185"
,,,,,,,,,,,,,
3d4(aТ 3F)4p,xТ 4DТА,1/2,67 859.5593,0.0012,,88,,,,11,3d4(aТ 3P)4p,4DТА,"L18847,L7185"
,,5/2,67 867.7867,0.0012,,77,,,,13,3d4(aТ 3P)4p,4DТА,"L18847,L7185"
,,3/2,67 870.2106,0.0012,,84,,,,12,3d4(aТ 3P)4p,4DТА,"L18847,L7185"
,,7/2,67 875.3689,0.0012,,69,,,,19,3d4(aТ 3P)4p,4DТА,"L18847,L7185"
,,,,,,,,,,,,,
3d4(aТ 3P)4p,zТ 4SТА,3/2,68 305.5518,0.0012,1.978,70,,,,17,3d4(aТ 3P)4p,2PТА,"L18847,L7185"
,,,,,,,,,,,,,
3d4(3H)4p,zТ 2HТА,9/2,68 476.8759,0.0012,,81,,,,12,3d4(aТ 1G)4p,2HТА,"L18847,L7185"
,,11/2,68 737.7714,0.0012,,84,,,,10,3d4(aТ 1G)4p,2HТА,"L18847,L7185"
,,,,,,,,,,,,,
3d4(aТ 3F)4p,zТ 2FТА,5/2,68 583.3148,0.0012,,50,,,,21,3d4(3G)4p,2FТА,"L18847,L7185"
,,7/2,68 759.7991,0.0012,,59,,,,18,3d4(3G)4p,2FТА,"L18847,L7185"
,,,,,,,,,,,,,
3d4(3G)4p,yТ 4HТА,7/2,68 843.2727,0.0012,,83,,,,16,3d4(3H)4p,4HТА,"L18847,L7185"
,,9/2,68 992.3469,0.0012,,82,,,,14,3d4(3H)4p,4HТА,"L18847,L7185"
,,11/2,69 170.3527,0.0012,,82,,,,13,3d4(3H)4p,4HТА,"L18847,L7185"
,,13/2,69 388.1505,0.0012,,85,,,,13,3d4(3H)4p,4HТА,"L18847,L7185"
,,,,,,,,,,,,,
3d4(aТ 3P)4p,2DТА,3/2,69 348.1427,0.0012,,65,,,,28,3d4(aТ 3F)4p,2DТА,"L18847,L7185"
,,5/2,69 954.0517,0.0012,,66,,,,20,3d4(aТ 3F)4p,2DТА,"L18847,L7185"
,,,,,,,,,,,,,
3d4(3G)4p,4FТА,5/2,69 477.9002,0.0012,,71,,,,11,3d4(3D)4p,4FТА,"L18847,L7185"
,,9/2,69 498.2137,0.0012,,60,,,,13,3d4(aТ 3F)4p,2GТА,"L18847,L7185"
,,7/2,69 506.0652,0.0012,,60,,,,11,3d4(aТ 3F)4p,2GТА,"L18847,L7185"
,,3/2,69 638.5906,0.0012,,81,,,,13,3d4(3D)4p,4FТА,"L18847,L7185"
,,,,,,,,,,,,,
3d4(aТ 3F)4p,yТ 2GТА,7/2,69 903.4828,0.0012,,42,,,,25,3d4(3H)4p,2GТА,"L18847,L7185"
,,9/2,70 107.6226,0.0012,,37,,,,25,3d4(3H)4p,2GТА,"L18847,L7185"
,,,,,,,,,,,,,
3d4(3G)4p,xТ 4GТА,5/2,70 316.8214,0.0012,,60,,,,17,3d4(3H)4p,4GТА,"L18847,L7185"
,,7/2,70 426.9907,0.0012,,61,,,,19,3d4(3H)4p,4GТА,"L18847,L7185"
,,9/2,70 679.0907,0.0012,,44,,,,22,3d4(3G)4p,2HТА,"L18847,L7185"
,,11/2,70 879.7225,0.0012,,41,,,,38,3d4(3G)4p,2HТА,"L18847,L7185"
,,,,,,,,,,,,,
3d4(3G)4p,yТ 2HТА,9/2,70 394.1455,0.0012,,57,,,,19,3d4(3G)4p,4GТА,"L18847,L7185"
,,11/2,70 398.7981,0.0012,,47,,,,34,3d4(3G)4p,4GТА,"L18847,L7185"
,,,,,,,,,,,,,
3d4(3G)4p,yТ 2FТА,5/2,70 584.3934,0.0012,,45,,,,32,3d4(aТ 3F)4p,2FТА,"L18847,L7185"
,,7/2,70 852.1621,0.0016,,59,,,,20,3d4(aТ 3F)4p,2FТА,"L18847,L7185"
,,,,,,,,,,,,,
3d4(3G)4p,xТ 2GТА,7/2,72 648.5252,0.0015,,79,,,,11,3d4(3H)4p,2GТА,"L18847,L7185"
,,9/2,72 716.7178,0.0013,,75,,,,13,3d4(3H)4p,2GТА,"L18847,L7185"
,,,,,,,,,,,,,
3d4(3D)4p,wТ 4DТА,1/2,73 406.8904,0.0017,,96,,,,,,,"L18847,L7185"
,,3/2,73 411.8807,0.0013,,91,,,,,,,"L18847,L7185"
,,5/2,73 436.1264,0.0019,,87,,,,,,,"L18847,L7185"
,,7/2,73 485.6078,0.0013,,89,,,,,,,"L18847,L7185"
,,,,,,,,,,,,,
3d4(aТ 1G)4p,xТ 2FТА,7/2,74 114.3577,0.0013,,64,,,,19,3d4(3D)4p,4FТА,"L18847,L7185"
,,5/2,74 436.1098,0.0015,,77,,,,7,3d4(3D)4p,2FТА,"L18847,L7185"
,,,,,,,,,,,,,
3d4(3D)4p,wТ 4FТА,3/2,74 273.3409,0.0020,,82,,,,13,3d4(3G)4p,4FТА,"L18847,L7185"
,,5/2,74 318.8425,0.0013,,48,,,,40,3d4(3D)4p,4PТА,"L18847,L7185"
,,7/2,74 423.6741,0.0013,,89,,,,6,3d4(3D)4p,4FТА,"L18847,L7185"
,,9/2,74 504.0990,0.0013,,86,,,,13,3d4(3G)4p,4FТА,"L18847,L7185"
,,,,,,,,,,,,,
3d4(1I)4p,2IТА,11/2,74 421.7319,0.0013,,85,,,,12,3d4(aТ 1G)4p,2HТА,"L18847,L7185"
,,13/2,74 743.186,0.007,,64,,,,35,3d4(1I)4p,2KТА,"L18847,L7185"
,,,,,,,,,,,,,
3d4(1I)4p,2KТА,13/2,74 424.1497,0.0013,,65,,,,33,3d4(1I)4p,2IТА,"L18847,L7185"
,,15/2,74 958.8510,0.0013,,100,,,,,,,"L18847,L7185"
,,,,,,,,,,,,,
3d4(aТ 1G)4p,xТ 2HТА,9/2,74 455.8028,0.0013,,82,,,,11,3d4(3H)4p,2HТА,"L18847,L7185"
,,11/2,74 707.3839,0.0013,,72,,,,11,3d4(1I)4p,2IТА,"L18847,L7185"
,,,,,,,,,,,,,
3d4(3D)4p,xТ 4PТА,5/2,74 483.9075,0.0013,,53,,,,30,3d4(3D)4p,4FТА,"L18847,L7185"
,,3/2,74 717.5574,0.0013,,93,,,,,,,"L18847,L7185"
,,1/2,74 920.389,0.003,,96,,,,,,,"L18847,L7185"
,,,,,,,,,,,,,
3d4(3D)4p,yТ 2PТА,1/2,74 853.855,0.003,,55,,,,40,3d4(aТ 1S)4p,2PТА,"L18847,L7185"
,,3/2,74 984.6964,0.0017,,61,,,,33,3d4(aТ 1S)4p,2PТА,"L18847,L7185"
,,,,,,,,,,,,,
3d4(aТ 1G)4p,wТ 2GТА,7/2,75 716.4946,0.0013,,82,,,,8,3d4(3G)4p,2GТА,"L18847,L7185"
,,9/2,75 809.9745,0.0013,,80,,,,12,3d4(3G)4p,2GТА,"L18847,L7185"
,,,,,,,,,,,,,
3d4(3D)4p,wТ 2FТА,7/2,76 878.9679,0.0014,,73,,,,12,3d4(aТ 1G)4p,2FТА,"L18847,L7185"
,,5/2,76 987.6447,0.0014,,72,,,,13,3d4(aТ 1G)4p,2FТА,"L18847,L7185"
,,,,,,,,,,,,,
3d4(1I)4p,wТ 2HТА,11/2,77 078.8563,0.0019,,88,,,,8,3d4(3G)4p,2HТА,"L18847,L7185"
,,9/2,77 270.2178,0.0014,,90,,,,8,3d4(3G)4p,2HТА,"L18847,L7185"
,,,,,,,,,,,,,
3d4(aТ 1S)4p,xТ 2PТА,3/2,77 713.274,0.003,,31,,,,26,3d4(3D)4p,2DТА,"L18847,L7185"
,,1/2,77 777.296,0.004,,48,,,,32,3d4(3D)4p,2PТА,"L18847,L7185"
,,,,,,,,,,,,,
3d4(3D)4p,xТ 2DТА,5/2,77 935.1998,0.0016,,65,,,,26,3d4(aТ 1D)4p,2DТА,"L18847,L7185"
,,3/2,78 109.4665,0.0018,,48,,,,22,3d4(aТ 1S)4p,2PТА,"L18847,L7185"
,,,,,,,,,,,,,
3d4(aТ 1D)4p,wТ 2DТА,3/2,80 288.020,0.002,,74,,,,13,3d4(3D)4p,2DТА,"L18847,L7185"
,,5/2,80 420.1608,0.0016,,65,,,,21,3d4(3D)4p,2DТА,"L18847,L7185"
,,,,,,,,,,,,,
3d4(aТ 1D)4p,vТ 2FТА,5/2,81 232.8788,0.0015,,86,,,,,,,"L18847,L7185"
,,7/2,81 432.2161,0.0015,,89,,,,,,,"L18847,L7185"
,,,,,,,,,,,,,
3d3(4F)4s4p(3PТА),yТ 6DТА,1/2,81 648.64,0.10,,,,,,,,,L18847
,,3/2,81 707.20,0.18,,,,,,,,,L18847
,,5/2,81 815.89,0.09,,,,,,,,,L18847
,,7/2,81 977.44,0.09,,,,,,,,,L18847
,,9/2,82 192.18,0.17,,,,,,,,,L18847
,,,,,,,,,,,,,
3d3(4F)4s4p(3PТА),yТ 6FТА,1/2,81 734.65,0.09,,,,,,,,,L18847
,,3/2,81 824.07,0.09,,,,,,,,,L18847
,,5/2,81 961.87,0.07,,,,,,,,,L18847
,,7/2,82 142.641,0.019,,,,,,,,,L18847
,,9/2,82 362.045,0.006,,,,,,,,,L18847
,,11/2,82 612.54,0.03,,,,,,,,,L18847
,,,,,,,,,,,,,
3d4(5D)5s,eТ 6D,1/2,82 692.0128,0.0015,,,,,,,,,L18847
,,3/2,82 763.6664,0.0015,,,,,,,,,L18847
,,5/2,82 881.0977,0.0015,,,,,,,,,L18847
,,7/2,83 041.3193,0.0015,,,,,,,,,L18847
,,9/2,83 240.4199,0.0015,,,,,,,,,L18847
,,,,,,,,,,,,,
3d4(aТ 1D)4p,wТ 2PТА,1/2,82 853.897,0.003,,89,,,,9,3d4(3D)4p,2PТА,"L18847,L7185"
,,3/2,82 919.9102,0.0016,,78,,,,11,3d4(3D)4p,2PТА,"L18847,L7185"
,,,,,,,,,,,,,
3d4(5D)5s,eТ 4D,1/2,84 209.7833,0.0015,,,,,,,,,L18847
,,3/2,84 320.1382,0.0015,,,,,,,,,L18847
,,5/2,84 495.6133,0.0015,,,,,,,,,L18847
,,7/2,84 726.6771,0.0015,,,,,,,,,L18847
,,,,,,,,,,,,,
3d4(1F)4p,uТ 2FТА,5/2,84 604.6448,0.0015,,89,,,,,,,"L18847,L7185"
,,7/2,84 677.1075,0.0015,,87,,,,,,,"L18847,L7185"
,,,,,,,,,,,,,
3d3(4F)4s4p(3PТА),uТ 4DТА,1/2,85 486.161,0.008,,,,,,,,,L18847
,,3/2,85 586.522,0.005,,,,,,,,,L18847
,,5/2,85 778.650,0.003,,,,,,,,,L18847
,,7/2,86 078.817,0.003,,,,,,,,,L18847
,,,,,,,,,,,,,
3d4(1F)4p,vТ 2GТА,7/2,85 573.1233,0.0016,,95,,,,,,,"L18847,L7185"
,,9/2,85 939.0149,0.0016,,97,,,,,,,"L18847,L7185"
,,,,,,,,,,,,,
3d4(5D)4d,eТ 4S,3/2,86 165.2692,0.0016,,,,,,,,,L18847
,,,,,,,,,,,,,
3d4(1F)4p,vТ 2DТА,5/2,86 507.3205,0.0016,,75,,,,13,3d4(bТ 3P)4p,2DТА,"L18847,L7185"
,,3/2,86 919.0032,0.0016,,79,,,,12,3d4(bТ 3P)4p,2DТА,"L18847,L7185"
,,,,,,,,,,,,,
3d3(4F)4s4p(3PТА),uТ 4GТА,5/2,86 566.459,0.004,,,,,,,,,L18847
,,7/2,86 797.245,0.003,,,,,,,,,L18847
,,9/2,87 092.562,0.004,,,,,,,,,L18847
,,11/2,87 450.434,0.002,,,,,,,,,L18847
,,,,,,,,,,,,,
3d4(5D)4d,eТ 6G,3/2,86 594.3737,0.0016,,,,,,,,,L18847
,,5/2,86 654.1724,0.0016,,,,,,,,,L18847
,,7/2,86 738.2738,0.0016,,,,,,,,,L18847
,,9/2,86 847.0098,0.0016,,,,,,,,,L18847
,,11/2,86 980.0770,0.0016,,,,,,,,,L18847
,,13/2,87 137.0224,0.0016,,,,,,,,,L18847
,,,,,,,,,,,,,
3d4(5D)4d,eТ 6P,3/2,86 667.7179,0.0016,,,,,,,,,L18847
,,5/2,86 691.5178,0.0016,,,,,,,,,L18847
,,7/2,86 782.0490,0.0016,,,,,,,,,L18847
,,,,,,,,,,,,,
3d4(5D)4d,fТ 6D,1/2,87 453.4861,0.0016,,,,,,,,,L18847
,,3/2,87 470.5419,0.0016,,,,,,,,,L18847
,,5/2,87 514.7986,0.0016,,,,,,,,,L18847
,,7/2,87 587.8656,0.0016,,,,,,,,,L18847
,,9/2,87 687.5091,0.0016,,,,,,,,,L18847
,,,,,,,,,,,,,
3d4(5D)4d,eТ 6F,1/2,87 594.5655,0.0016,,,,,,,,,L18847
,,3/2,87 666.2064,0.0016,,,,,,,,,L18847
,,5/2,87 759.0619,0.0016,,,,,,,,,L18847
,,7/2,87 858.4683,0.0016,,,,,,,,,L18847
,,9/2,87 948.5333,0.0016,,,,,,,,,L18847
,,11/2,88 001.3383,0.0016,,,,,,,,,L18847
,,,,,,,,,,,,,
3d3(4F)4s4p(3PТА),uТ 4FТА,3/2,87 628.733,0.006,,,,,,,,,L18847
,,5/2,87 766.582,0.004,,,,,,,,,L18847
,,7/2,87 916.663,0.003,,,,,,,,,L18847
,,9/2,88 073.435,0.004,,,,,,,,,L18847
,,,,,,,,,,,,,
3d3(4F)4s4p(3PТА),uТ 2DТА,3/2,88 604.250,0.007,,,,,,,,,L18847
,,5/2,89 164.516,0.005,,,,,,,,,L18847
,,,,,,,,,,,,,
3d4(5D)4d,eТ 4G,5/2,89 055.9455,0.0016,,,,,,,,,L18847
,,7/2,89 173.9920,0.0016,,,,,,,,,L18847
,,9/2,89 325.2787,0.0016,,,,,,,,,L18847
,,11/2,89 508.4990,0.0016,,,,,,,,,L18847
,,,,,,,,,,,,,
3d4(5D)4d,eТ 4P,1/2,89 254.4700,0.0020,,,,,,,,,L18847
,,3/2,89 277.9218,0.0016,,,,,,,,,L18847
,,5/2,89 336.8100,0.0016,,,,,,,,,L18847
,,,,,,,,,,,,,
3d4(bТ 3P)4p,yТ 4PТА,3/2,89 422.324,0.003,,88,,,,6,3d4(bТ 3P)4p,4DТА,"L18847,L7185"
,,5/2,89 453.029,0.002,,82,,,,7,3d4(bТ 3P)4p,4DТА,"L18847,L7185"
,,1/2,89 507.959,0.006,,95,,,,,,,"L18847,L7185"
,,,,,,,,,,,,,
3d4(5D)4d,fТ 4D,1/2,89 651.621,0.002,,,,,,,,,L18847
,,3/2,89 724.1745,0.0017,,,,,,,,,L18847
,,5/2,89 812.3994,0.0017,,,,,,,,,L18847
,,7/2,89 885.0091,0.0017,,,,,,,,,L18847
,,,,,,,,,,,,,
3d4(bТ 3P)4p,vТ 4DТА,7/2,90 218.405,0.003,,69,,,,26,3d4(bТ 3F)4p,4DТА,"L18847,L7185"
,,5/2,90 258.186,0.004,,51,,,,20,3d4(bТ 3F)4p,4DТА,"L18847,L7185"
,,3/2,90 450.620,0.005,,61,,,,24,3d4(bТ 3F)4p,4DТА,"L18847,L7185"
,,1/2,90 475.364,0.011,,70,,,,26,3d4(bТ 3F)4p,4DТА,"L18847,L7185"
,,,,,,,,,,,,,
3d4(bТ 3F)4p,vТ 4FТА,3/2,90 262.119,0.007,,97,,,,,,,"L18847,L7185"
,,5/2,90 441.753,0.005,,93,,,,,,,"L18847,L7185"
,,7/2,90 489.831,0.002,,95,,,,,,,"L18847,L7185"
,,9/2,90 588.5539,0.0017,,98,,,,,,,"L18847,L7185"
,,,,,,,,,,,,,
3d4(5D)4d,eТ 4F,3/2,90 512.5109,0.0017,,,,,,,,,L18847
,,5/2,90 608.9577,0.0017,,,,,,,,,L18847
,,7/2,90 725.8123,0.0017,,,,,,,,,L18847
,,9/2,90 850.9636,0.0017,,,,,,,,,L18847
,,,,,,,,,,,,,
3d4(bТ 3F)4p,tТ 2FТА,5/2,90 706.824,0.005,,85,,,,5,3d4(bТ 3F)4p,4GТА,"L18847,L7185"
,,7/2,90 830.794,0.003,,87,,,,5,3d4(bТ 1G)4p,2FТА,"L18847,L7185"
,,,,,,,,,,,,,
3d4(bТ 3F)4p,wТ 4GТА,5/2,91 078.704,0.004,,,,,,,,,L18847
,,7/2,91 122.844,0.003,,95,,,,,,,"L18847,L7185"
,,9/2,91 189.4660,0.0017,,98,,,,,,,"L18847,L7185"
,,11/2,91 291.9657,0.0017,,,,,,,,,L18847
,,,,,,,,,,,,,
3d4(bТ 3P)4p,tТ 2DТА,5/2,91 426.036,0.003,,50,,,,18,3d4(1F)4p,2DТА,"L18847,L7185"
,,3/2,91 556.359,0.006,,53,,,,21,3d4(bТ 3F)4p,2DТА,"L18847,L7185"
,,,,,,,,,,,,,
3d3(4F)4s4p(3PТА),tТ 2GТА,7/2,91 752.176,0.009,,,,,,,,,L18847
,,9/2,92 144.162,0.010,,,,,,,,,L18847
,,,,,,,,,,,,,
3d4(5D)4d,eТ 6S,5/2,91 955.3340,0.0017,,,,,,,,,L18847
,,,,,,,,,,,,,
3d3(4P)4s4p(3PТА),xТ 6PТА,3/2,92 234.942,0.004,,,,,,,,,L18847
,,5/2,92 417.9556,0.0017,,,,,,,,,L18847
,,7/2,92 653.2667,0.0017,,,,,,,,,L18847
,,,,,,,,,,,,,
3d4(bТ 3P)4p,yТ 4SТА,3/2,92 612.201,0.002,,97,,,,,,,"L18847,L7185"
,,,,,,,,,,,,,
3d4(5D)5p,6FТА,1/2,92 988.8116,0.0017,,,,,,,,,L18847
,,3/2,93 047.2873,0.0017,,,,,,,,,L18847
,,5/2,93 143.8531,0.0017,,,,,,,,,L18847
,,7/2,93 276.8352,0.0017,,,,,,,,,L18847
,,9/2,93 444.1417,0.0017,,,,,,,,,L18847
,,11/2,93 643.3797,0.0017,,,,,,,,,L18847
,,,,,,,,,,,,,
3d4(bТ 3F)4p,tТ 4DТА,7/2,93 531.6906,0.0017,,73,,,,27,3d4(bТ 3P)4p,4DТА,"L18847,L7185"
,,5/2,93 670.985,0.002,,72,,,,72,3d4(bТ 3P)4p,4DТА,"L18847,L7185"
,,3/2,93 769.976,0.002,,72,,,,27,3d4(bТ 3P)4p,4DТА,"L18847,L7185"
,,1/2,93 800.478,0.003,,72,,,,27,3d4(bТ 3P)4p,4DТА,"L18847,L7185"
,,,,,,,,,,,,,
3d4(5D)5p,6DТА,3/2,93 574.4177,0.0017,,,,,,,,,L18847
,,5/2,93 776.1250,0.0017,,,,,,,,,L18847
,,7/2,93 966.4264,0.0017,,,,,,,,,L18847
,,9/2,94 177.1611,0.0017,,,,,,,,,L18847
,,,,,,,,,,,,,
3d4(bТ 3F)4p,uТ 2GТА,9/2,93 641.483,0.003,,98,,,,,,,"L18847,L7185"
,,7/2,93 801.539,0.005,,98,,,,,,,"L18847,L7185"
,,,,,,,,,,,,,
3d4(5D)5p,4PТА,3/2,93 740.241,0.015,,,,,,,,,L18847
,,5/2,93 974.0209,0.0017,,,,,,,,,L18847
,,,,,,,,,,,,,
3d3(4F)4s4p(3PТА),sТ 2FТА,5/2,93 890.684,0.007,,,,,,,,,L18847
,,7/2,94 218.633,0.006,,,,,,,,,L18847
,,,,,,,,,,,,,
3d3(4P)4s4p(3PТА),xТ 6DТА,1/2,93 968.6812,0.0017,,,,,,,,,L18847
,,3/2,94 098.109,0.003,,,,,,,,,L18847
,,5/2,94 265.8956,0.0018,,,,,,,,,L18847
,,7/2,94 452.6258,0.0018,,,,,,,,,L18847
,,9/2,94 656.2153,0.0018,,,,,,,,,L18847
,,,,,,,,,,,,,
3d4(5D)5p,6PТА,3/2,94 002.493,0.003,,,,,,,,,L18847
,,5/2,94 144.4013,0.0017,,,,,,,,,L18847
,,7/2,94 363.4874,0.0018,,,,,,,,,L18847
,,,,,,,,,,,,,
3d4(5D)5p,4FТА,3/2,94 256.0540,0.0018,,,,,,,,,L18847
,,5/2,94 365.1938,0.0018,,,,,,,,,L18847
,,7/2,94 522.3064,0.0018,,,,,,,,,L18847
,,9/2,94 749.2299,0.0018,,,,,,,,,L18847
,,,,,,,,,,,,,
3d4(bТ 3P)4p,vТ 2PТА,3/2,94 383.150,0.009,,94,,,,,,,"L18847,L7185"
,,1/2,94 624.697,0.013,,92,,,,,,,"L18847,L7185"
,,,,,,,,,,,,,
3d4(5D)5p,4DТА,1/2,94 839.2478,0.0018,,,,,,,,,L18847
,,3/2,94 932.9419,0.0018,,,,,,,,,L18847
,,5/2,95 076.7096,0.0018,,,,,,,,,L18847
,,7/2,95 250.6728,0.0018,,,,,,,,,L18847
,,,,,,,,,,,,,
3d4(bТ 3P)4p,yТ 2SТА,1/2,96 245.32,0.10,,98,,,,,,,L7185
,,,,,,,,,,,,,
3d3(2G)4s4p(3PТА),tТ 4GТА,5/2,97 070.965,0.019,,,,,,,,,L18847
,,7/2,97 187.099,0.015,,,,,,,,,L18847
,,9/2,97 333.124,0.013,,,,,,,,,L18847
,,11/2,97 493.520,0.013,,,,,,,,,L18847
,,,,,,,,,,,,,
3d3(4P)4s4p(3PТА),wТ 4PТА,1/2,97 168.47,0.05,,,,,,,,,L18847
,,5/2,97 182.551,0.010,,,,,,,,,L18847
,,3/2,97 294.05,0.02,,,,,,,,,L18847
,,,,,,,,,,,,,
3d4(bТ 1G)4p,vТ 2HТА,9/2,97 480.144,0.007,,86,,,,12,3d4(bТ 1G)4p,2GТА,"L18847,L7185"
,,11/2,97 899.355,0.005,,97,,,,,,,"L18847,L7185"
,,,,,,,,,,,,,
3d4(bТ 1G)4p,sТ 2GТА,7/2,97 728.224,0.012,,97,,,,,,,"L18847,L7185"
,,9/2,97 904.346,0.004,,86,,,,12,3d4(bТ 1G)4p,2HТА,"L18847,L7185"
,,,,,,,,,,,,,
3d3(4P)4s4p(3PТА),zТ 6SТА,5/2,97 875.013,0.015,,,,,,,,,L18847
,,,,,,,,,,,,,
3d4(bТ 3F)4p,sТ 2DТА,5/2,98 207.409,0.003,,71,,,,29,3d4(bТ 3P)4p,2DТА,"L18847,L7185"
,,3/2,98 315.011,0.006,,70,,,,29,3d4(bТ 3P)4p,2DТА,"L18847,L7185"
,,,,,,,,,,,,,
3d3(2G)4s4p(3PТА),tТ 4FТА,3/2,98 578.49,0.06,,,,,,,,,L18847
,,5/2,98 641.85,0.05,,,,,,,,,L18847
,,7/2,98 719.33,0.04,,,,,,,,,L18847
,,9/2,98 812.54,0.07,,,,,,,,,L18847
,,,,,,,,,,,,,
3d4(bТ 1G)4p,rТ 2FТА,7/2,99 069.261,0.006,,87,,,,8,3d4(bТ 3F)4p,2FТА,"L18847,L7185"
,,5/2,99 243.935,0.011,,86,,,,6,3d4(bТ 3F)4p,2FТА,"L18847,L7185"
,,,,,,,,,,,,,
3d4(aТ 3P)5s,fТ 4P,1/2,99 677.850,0.006,,,,,,,,,L18847
,,3/2,100 040.170,0.002,,,,,,,,,L18847
,,5/2,100 650.456,0.002,,,,,,,,,L18847
,,,,,,,,,,,,,
3d4(3H)5s,eТ 4H,7/2,100 068.8575,0.0019,,,,,,,,,L18847
,,9/2,100 135.7771,0.0019,,,,,,,,,L18847
,,11/2,100 221.5925,0.0019,,,,,,,,,L18847
,,13/2,100 322.0757,0.0019,,,,,,,,,L18847
,,,,,,,,,,,,,
3d3(2P)4s4p(3PТА),rТ 4DТА,3/2,100 691.82,0.02,,,,,,,,,L18847
,,5/2,101 074.517,0.014,,,,,,,,,L18847
,,7/2,101 514.188,0.009,,,,,,,,,L18847
,,,,,,,,,,,,,
3d4(aТ 3P)5s,eТ 2P,1/2,100 782.819,0.009,,,,,,,,,L18847
,,3/2,101 492.819,0.004,,,,,,,,,L18847
,,,,,,,,,,,,,
3d4(3H)5s,eТ 2H,9/2,101 021.7966,0.0019,,,,,,,,,L18847
,,11/2,101 194.7837,0.0019,,,,,,,,,L18847
,,,,,,,,,,,,,
3d3(4P)4s4p(3PТА),uТ 2PТА,3/2,101 157.763,0.014,,,,,,,,,L18847
,,,,,,,,,,,,,
3d3(2H)4s4p(3PТА),wТ 4HТА,7/2,101 170.33,0.05,,,,,,,,,L18847
,,9/2,101 296.54,0.06,,,,,,,,,L18847
,,11/2,101 782.96,0.10,,,,,,,,,L18847
,,13/2,101 900.58,0.09,,,,,,,,,L18847
,,,,,,,,,,,,,
3d4(aТ 3F)5s,fТ 4F,3/2,101 245.003,0.004,,,,,,,,,L18847
,,5/2,101 276.546,0.004,,,,,,,,,L18847
,,7/2,101 321.812,0.004,,,,,,,,,L18847
,,9/2,101 382.939,0.003,,,,,,,,,L18847
,,,,,,,,,,,,,
3d3(2G)4s4p(3PТА),uТ 2HТА,9/2,101 696.15,0.03,,,,,,,,,L18847
,,11/2,101 932.227,0.014,,,,,,,,,L18847
,,,,,,,,,,,,,
3d3(2G)4s4p(3PТА),pТ 2FТА,7/2,101 864.17,0.03,,,,,,,,,L18847
,,5/2,102 145.63,0.03,,,,,,,,,L18847
,,,,,,,,,,,,,
3d3(2G)4s4p(3PТА),rТ 2GТА,9/2,101 938.06,0.04,,,,,,,,,L18847
,,7/2,102 121.99,0.04,,,,,,,,,L18847
,,,,,,,,,,,,,
3d3(aТ 2D)4s4p(3PТА),sТ 4FТА,3/2,101 986.9773,0.0019,,,,,,,,,L18847
,,5/2,102 297.07,0.03,,,,,,,,,L18847
,,7/2,102 492.53,0.02,,,,,,,,,L18847
,,9/2,102 725.542,0.008,,,,,,,,,L18847
,,,,,,,,,,,,,
3d4(aТ 3F)5s,fТ 2F,5/2,102 148.708,0.005,,,,,,,,,L18847
,,7/2,102 243.151,0.004,,,,,,,,,L18847
,,,,,,,,,,,,,
3d3(4P)4s4p(3PТА),qТ 4DТА,3/2,102 602.312,0.007,,,,,,,,,L18847
,,1/2,102 619.63,0.04,,,,,,,,,L18847
,,5/2,102 655.91,0.04,,,,,,,,,L18847
,,7/2,102 831.589,0.013,,,,,,,,,L18847
,,,,,,,,,,,,,
3d3(4F)4s4p(1PТА),sТ 4GТА,5/2,102 678.999,0.007,,,,,,,,,L18847
,,7/2,102 914.947,0.003,,,,,,,,,L18847
,,9/2,103 199.801,0.006,,,,,,,,,L18847
,,11/2,103 513.546,0.002,,,,,,,,,L18847
,,,,,,,,,,,,,
3d3(2P)4s4p(3PТА),xТ 4SТА,3/2,102 684.39,0.07,,,,,,,,,L18847
,,,,,,,,,,,,,
3d4(3G)5s,fТ 4G,7/2,103 527.4212,0.0019,,,,,,,,,L18847
,,9/2,103 627.036,0.002,,,,,,,,,L18847
,,11/2,103 737.0000,0.0020,,,,,,,,,L18847
,,,,,,,,,,,,,
3d4(aТ 3P)4d,4F,3/2,103 645.690,0.003,,,,,,,,,L18847
,,5/2,103 787.163,0.004,,,,,,,,,L18847
,,7/2,104 035.673,0.002,,,,,,,,,L18847
,,9/2,104 397.2285,0.0020,,,,,,,,,L18847
,,,,,,,,,,,,,
3d4(3H)4d,fТ 4I,9/2,103 755.4053,0.0020,,,,,,,,,L18847
,,11/2,103 843.3108,0.0020,,,,,,,,,L18847
,,13/2,103 948.2466,0.0020,,,,,,,,,L18847
,,15/2,104 069.9071,0.0020,,,,,,,,,L18847
,,,,,,,,,,,,,
3d4(3H)4d,fТ 4H,7/2,103 949.276,0.004,,,,,,,,,L18847
,,9/2,104 023.9573,0.0020,,,,,,,,,L18847
,,11/2,104 106.4768,0.0020,,,,,,,,,L18847
,,13/2,104 190.510,0.002,,,,,,,,,L18847
,,,,,,,,,,,,,
3d4(aТ 3P)4d,4D,1/2,104 104.011,0.004,,,,,,,,,L18847
,,3/2,104 154.804,0.003,,,,,,,,,L18847
,,5/2,104 330.050,0.002,,,,,,,,,L18847
,,7/2,104 624.1636,0.0020,,,,,,,,,L18847
,,,,,,,,,,,,,
3d3(aТ 2D)4s4p(3PТА),oТ 4DТА,3/2,104 274.59,0.03,,,,,,,,,L18847
,,5/2,104 467.799,0.012,,,,,,,,,L18847
,,7/2,104 680.78,0.03,,,,,,,,,L18847
,,,,,,,,,,,,,
3d4(3H)4d,2G,7/2,104 381.8122,0.0020,,,,,,,,,L18847
,,9/2,104 523.7299,0.0020,,,,,,,,,L18847
,,,,,,,,,,,,,
3d4(aТ 3P)4d,2P,3/2,104 396.674,0.007,,,,,,,,,L18847
,,1/2,104 666.336,0.006,,,,,,,,,L18847
,,,,,,,,,,,,,
3d3(4F)4s4p(1PТА),pТ 4DТА,1/2,104 439.634,0.011,,,,,,,,,L18847
,,3/2,104 616.249,0.006,,,,,,,,,L18847
,,5/2,104 869.108,0.003,,,,,,,,,L18847
,,7/2,105 206.714,0.002,,,,,,,,,L18847
,,,,,,,,,,,,,
3d3(4F)4s4p(1PТА),rТ 4FТА,3/2,104 446.733,0.006,,,,,,,,,L18847
,,5/2,104 630.094,0.015,,,,,,,,,L18847
,,7/2,104 875.302,0.003,,,,,,,,,L18847
,,9/2,105 203.457,0.003,,,,,,,,,L18847
,,,,,,,,,,,,,
3d4(3H)4d,aТ 4K,11/2,104 460.1696,0.0020,,,,,,,,,L18847
,,13/2,104 539.9808,0.0020,,,,,,,,,L18847
,,15/2,104 633.0930,0.0020,,,,,,,,,L18847
,,17/2,104 734.5083,0.0020,,,,,,,,,L18847
,,,,,,,,,,,,,
3d4(3G)5s,gТ 2G,7/2,104 543.112,0.003,,,,,,,,,L18847
,,9/2,104 666.352,0.003,,,,,,,,,L18847
,,,,,,,,,,,,,
3d4(3H)4d,4F,5/2,104 856.479,0.003,,,,,,,,,L18847
,,3/2,104 876.849,0.002,,,,,,,,,L18847
,,7/2,104 929.334,0.002,,,,,,,,,L18847
,,9/2,105 061.9052,0.0020,,,,,,,,,L18847
,,,,,,,,,,,,,
3d4(aТ 3P)4d,4P,5/2,104 911.998,0.003,,,,,,,,,L18847
,,3/2,105 049.604,0.004,,,,,,,,,L18847
,,,,,,,,,,,,,
3d4(3H)4d,2F,5/2,104 973.215,0.003,,,,,,,,,L18847
,,7/2,105 373.742,0.004,,,,,,,,,L18847
,,,,,,,,,,,,,
3d4(5D)6s,6D,1/2,105 098.8877,0.0020,,,,,,,,,L18847
,,3/2,105 168.7704,0.0020,,,,,,,,,L18847
,,5/2,105 285.3095,0.0020,,,,,,,,,L18847
,,7/2,105 446.9938,0.0020,,,,,,,,,L18847
,,9/2,105 650.5251,0.0020,,,,,,,,,L18847
,,,,,,,,,,,,,
3d4(5D0)4f,2[3]ТА,5/2,105 122.0402,0.0020,,,,,,,,,L18847
,,7/2,105 173.4203,0.0020,,,,,,,,,L18847
,,,,,,,,,,,,,
3d4(3H)4d,aТ 2K,13/2,105 124.8357,0.0020,,,,,,,,,L18847
,,15/2,105 285.4176,0.0020,,,,,,,,,L18847
,,,,,,,,,,,,,
3d4(5D1)4f,2[3]ТА,5/2,105 164.4703,0.0020,,,,,,,,,L18847
,,7/2,105 197.2897,0.0020,,,,,,,,,L18847
,,,,,,,,,,,,,
3d4(aТ 3F)4d,gТ 4H,7/2,105 198.9899,0.0020,,,,,,,,,L18847
,,9/2,105 255.3049,0.0020,,,,,,,,,L18847
,,11/2,105 337.9137,0.0020,,,,,,,,,L18847
,,13/2,105 434.3536,0.0020,,,,,,,,,L18847
,,,,,,,,,,,,,
3d4(3H)4d,gТ 4G,5/2,105 247.563,0.003,,,,,,,,,L18847
,,7/2,105 278.978,0.002,,,,,,,,,L18847
,,9/2,105 365.5034,0.0020,,,,,,,,,L18847
,,11/2,105 423.3412,0.0020,,,,,,,,,L18847
,,,,,,,,,,,,,
3d4(5D1)4f,2[4]ТА,9/2,105 263.4268,0.0020,,,,,,,,,L18847
,,7/2,105 282.4815,0.0020,,,,,,,,,L18847
,,,,,,,,,,,,,
3d4(5D1)4f,2[2]ТА,3/2,105 283.4387,0.0020,,,,,,,,,L18847
,,5/2,105 291.1538,0.0020,,,,,,,,,L18847
,,,,,,,,,,,,,
3d4(3H)4d,2H,9/2,105 337.232,0.003,,,,,,,,,L18847
,,11/2,105 450.4138,0.0020,,,,,,,,,L18847
,,,,,,,,,,,,,
3d4(5D2)4f,2[5]ТА,11/2,105 367.8266,0.0020,,,,,,,,,L18847
,,9/2,105 406.9081,0.0020,,,,,,,,,L18847
,,,,,,,,,,,,,
3d4(5D2)4f,2[1]ТА,1/2,105 392.406,0.004,,,,,,,,,L18847
,,3/2,105 408.7790,0.0020,,,,,,,,,L18847
,,,,,,,,,,,,,
3d4(5D2)4f,2[4]ТА,9/2,105 398.1442,0.0020,,,,,,,,,L18847
,,7/2,105 419.9740,0.0020,,,,,,,,,L18847
,,,,,,,,,,,,,
3d4(aТ 3P)4d,2D,3/2,105 434.977,0.004,,,,,,,,,L18847
,,5/2,105 604.234,0.004,,,,,,,,,L18847
,,,,,,,,,,,,,
3d4(5D2)4f,2[3]ТА,5/2,105 438.288,0.004,,,,,,,,,L18847
,,7/2,105 507.5207,0.0020,,,,,,,,,L18847
,,,,,,,,,,,,,
3d4(5D2)4f,2[2]ТА,3/2,105 452.9622,0.0020,,,,,,,,,L18847
,,5/2,105 532.1138,0.0020,,,,,,,,,L18847
,,,,,,,,,,,,,
3d4(5D3)4f,2[6]ТА,13/2,105 507.9497,0.0020,,,,,,,,,L18847
,,11/2,105 559.4780,0.0020,,,,,,,,,L18847
,,,,,,,,,,,,,
3d4(5D3)4f,2[1]ТА,1/2,105 525.757,0.003,,,,,,,,,L18847
,,3/2,105 577.1347,0.0020,,,,,,,,,L18847
,,,,,,,,,,,,,
3d4(5D3)4f,2[0]ТА,1/2,105 544.6683,0.0020,,,,,,,,,L18847
,,,,,,,,,,,,,
3d4(aТ 3F)4d,4D,1/2,105 554.490,0.007,,,,,,,,,L18847
,,3/2,105 639.4545,0.0020,,,,,,,,,L18847
,,5/2,105 731.6360,0.0020,,,,,,,,,L18847
,,7/2,105 784.7366,0.0020,,,,,,,,,L18847
,,,,,,,,,,,,,
3d4(5D3)4f,2[2]ТА,5/2,105 595.2707,0.0020,,,,,,,,,L18847
,,3/2,105 610.2955,0.0020,,,,,,,,,L18847
,,,,,,,,,,,,,
3d4(5D3)4f,2[3]ТА,7/2,105 609.3704,0.0020,,,,,,,,,L18847
,,5/2,105 677.4892,0.0020,,,,,,,,,L18847
,,,,,,,,,,,,,
3d4(5D3)4f,2[4]ТА,9/2,105 623.5202,0.0020,,,,,,,,,L18847
,,7/2,105 724.6524,0.0020,,,,,,,,,L18847
,,,,,,,,,,,,,
3d4(5D3)4f,2[5]ТА,11/2,105 638.7217,0.0020,,,,,,,,,L18847
,,9/2,105 870.3375,0.0020,,,,,,,,,L18847
,,,,,,,,,,,,,
3d4(5D4)4f,2[1]ТА,1/2,105 680.786,0.003,,,,,,,,,L18847
,,3/2,105 697.0545,0.0020,,,,,,,,,L18847
,,,,,,,,,,,,,
3d4(5D4)4f,2[7]ТА,15/2,105 682.6270,0.0020,,,,,,,,,L18847
,,13/2,105 742.5481,0.0020,,,,,,,,,L18847
,,,,,,,,,,,,,
3d4(5D4)4f,2[2]ТА,5/2,105 764.9052,0.0020,,,,,,,,,L18847
,,3/2,105 802.7239,0.0020,,,,,,,,,L18847
,,,,,,,,,,,,,
3d4(5D4)4f,2[4]ТА,9/2,105 789.9509,0.0020,,,,,,,,,L18847
,,7/2,105 985.5432,0.0020,,,,,,,,,L18847
,,,,,,,,,,,,,
3d4(aТ 3F)4d,4F,5/2,105 807.021,0.003,,,,,,,,,L18847
,,3/2,105 814.5345,0.0020,,,,,,,,,L18847
,,7/2,105 866.3993,0.0020,,,,,,,,,L18847
,,9/2,105 960.6498,0.0020,,,,,,,,,L18847
,,,,,,,,,,,,,
3d4(5D4)4f,2[3]ТА,7/2,105 823.7685,0.0020,,,,,,,,,L18847
,,5/2,105 902.9618,0.0020,,,,,,,,,L18847
,,,,,,,,,,,,,
3d4(5D4)4f,2[6]ТА,13/2,105 895.5001,0.0020,,,,,,,,,L18847
,,11/2,106 032.1350,0.0020,,,,,,,,,L18847
,,,,,,,,,,,,,
3d4(5D4)4f,2[5]ТА,11/2,105 898.0144,0.0020,,,,,,,,,L18847
,,9/2,106 045.4619,0.0020,,,,,,,,,L18847
,,,,,,,,,,,,,
3d4(aТ 3F)4d,4G,5/2,105 923.4402,0.0020,,,,,,,,,L18847
,,7/2,106 030.911,0.002,,,,,,,,,L18847
,,9/2,106 148.7354,0.0020,,,,,,,,,L18847
,,11/2,106 293.4380,0.0020,,,,,,,,,L18847
,,,,,,,,,,,,,
3d4(5D)6s,4D,1/2,105 923.441,0.003,,,,,,,,,L18847
,,3/2,105 980.4488,0.0020,,,,,,,,,L18847
,,5/2,106 095.6095,0.0020,,,,,,,,,L18847
,,7/2,106 275.1752,0.0020,,,,,,,,,L18847
,,,,,,,,,,,,,
3d4(3H)4d,fТ 2I,11/2,106 145.2311,0.0020,,,,,,,,,L18847
,,13/2,106 342.8956,0.0020,,,,,,,,,L18847
,,,,,,,,,,,,,
3d3(2H)4s4p(3PТА),tТ 2HТА,11/2,106 163.04,0.05,,,,,,,,,L18847
,,9/2,106 165.342,0.012,,,,,,,,,L18847
,,,,,,,,,,,,,
3d4(aТ 3F)4d,2P,3/2,106 404.410,0.007,,,,,,,,,L18847
,,1/2,106 514.302,0.006,,,,,,,,,L18847
,,,,,,,,,,,,,
3d4(aТ 3F)4d,2F,5/2,106 535.491,0.005,,,,,,,,,L18847
,,7/2,106 690.583,0.004,,,,,,,,,L18847
,,,,,,,,,,,,,
3d4(5D)5d,4P,3/2,106 627.164,0.003,,,,,,,,,L18847
,,5/2,106 722.557,0.002,,,,,,,,,L18847
,,,,,,,,,,,,,
3d3(2H)4s4p(3PТА),rТ 4GТА,5/2,106 719.24,0.10,,,,,,,,,L18847
,,7/2,106 779.1354,0.0020,,,,,,,,,L18847
,,9/2,106 791.96,0.02,,,,,,,,,L18847
,,11/2,106 827.350,0.008,,,,,,,,,L18847
,,,,,,,,,,,,,
3d3(4P)4s4p(3PТА),wТ 4SТА,3/2,106 726.084,0.008,,,,,,,,,L18847
,,,,,,,,,,,,,
3d4(aТ 3F)4d,iТ 2G,7/2,106 864.766,0.004,,,,,,,,,L18847
,,9/2,106 924.0069,0.0020,,,,,,,,,L18847
,,,,,,,,,,,,,
3d4(5D)5d,6G,3/2,106 877.1634,0.0020,,,,,,,,,L18847
,,5/2,106 929.3776,0.0020,,,,,,,,,L18847
,,7/2,107 006.2503,0.0020,,,,,,,,,L18847
,,9/2,107 111.7606,0.0020,,,,,,,,,L18847
,,11/2,107 246.7921,0.0020,,,,,,,,,L18847
,,13/2,107 412.0300,0.0020,,,,,,,,,L18847
,,,,,,,,,,,,,
3d4(5D)5d,4S,3/2,106 924.7923,0.0020,,,,,,,,,L18847
,,,,,,,,,,,,,
3d3(aТ 2D)4s4p(3PТА),oТ 2FТА,5/2,107 022.142,0.007,,,,,,,,,L18847
,,7/2,107 153.03,0.02,,,,,,,,,L18847
,,,,,,,,,,,,,
3d4(5D)5d,6P,5/2,107 025.2469,0.0020,,,,,,,,,L18847
,,3/2,107 056.4732,0.0020,,,,,,,,,L18847
,,7/2,107 114.7267,0.0020,,,,,,,,,L18847
,,,,,,,,,,,,,
3d4(aТ 3F)4d,2H,9/2,107 150.6437,0.0020,,,,,,,,,L18847
,,11/2,107 329.1472,0.0020,,,,,,,,,L18847
,,,,,,,,,,,,,
3d3(4P)4s4p(3PТА),qТ 2DТА,3/2,107 212.36,0.02,,,,,,,,,L18847
,,5/2,107 355.470,0.018,,,,,,,,,L18847
,,,,,,,,,,,,,
3d4(5D)5d,6F,3/2,107 259.8166,0.0020,,,,,,,,,L18847
,,5/2,107 309.3226,0.0020,,,,,,,,,L18847
,,7/2,107 386.1583,0.0020,,,,,,,,,L18847
,,9/2,107 455.4808,0.0020,,,,,,,,,L18847
,,11/2,107 701.2794,0.0020,,,,,,,,,L18847
,,,,,,,,,,,,,
3d4(aТ 3P)4d,2F,5/2,107 273.344,0.004,,,,,,,,,L18847
,,7/2,107 598.0757,0.0020,,,,,,,,,L18847
,,,,,,,,,,,,,
3d4(5D)5d,6D,1/2,107 322.2714,0.0020,,,,,,,,,L18847
,,3/2,107 414.6249,0.0020,,,,,,,,,L18847
,,5/2,107 519.3776,0.0020,,,,,,,,,L18847
,,7/2,107 627.3409,0.0020,,,,,,,,,L18847
,,9/2,107 696.2552,0.0020,,,,,,,,,L18847
,,,,,,,,,,,,,
3d4(3G)4d,4G,5/2,107 400.7800,0.0020,,,,,,,,,L18847
,,7/2,107 500.3451,0.0020,,,,,,,,,L18847
,,9/2,107 632.2226,0.0020,,,,,,,,,L18847
,,11/2,107 794.0968,0.0020,,,,,,,,,L18847
,,,,,,,,,,,,,
3d4(5D)5d,4F,3/2,107 516.7091,0.0020,,,,,,,,,L18847
,,5/2,107 726.7747,0.0020,,,,,,,,,L18847
,,7/2,107 850.5523,0.0020,,,,,,,,,L18847
,,9/2,107 947.9960,0.0020,,,,,,,,,L18847
,,,,,,,,,,,,,
3d4(5D)5d,4D,5/2,107 597.6073,0.0020,,,,,,,,,L18847
,,7/2,107 716.2636,0.0020,,,,,,,,,L18847
,,,,,,,,,,,,,
3d4(3G)4d,gТ 4I,9/2,107 706.7413,0.0020,,,,,,,,,L18847
,,11/2,107 760.7045,0.0020,,,,,,,,,L18847
,,13/2,107 846.6647,0.0020,,,,,,,,,L18847
,,15/2,107 981.7139,0.0020,,,,,,,,,L18847
,,,,,,,,,,,,,
3d3(2H)4s4p(3PТА),qТ 2GТА,9/2,107 739.228,0.012,,,,,,,,,L18847
,,7/2,107 918.539,0.014,,,,,,,,,L18847
,,,,,,,,,,,,,
3d4(3G)4d,hТ 4H,7/2,107 829.507,0.002,,,,,,,,,L18847
,,9/2,107 922.4556,0.0020,,,,,,,,,L18847
,,11/2,108 017.9816,0.0020,,,,,,,,,L18847
,,13/2,108 103.9536,0.0020,,,,,,,,,L18847
,,,,,,,,,,,,,
3d3(2H)4s4p(3PТА),xТ 2IТА,11/2,107 850.15,0.09,,,,,,,,,L18847
,,13/2,108 030.88,0.09,,,,,,,,,L18847
,,,,,,,,,,,,,
3d4(aТ 3F)4d,2D,5/2,107 988.247,0.003,,,,,,,,,L18847
,,,,,,,,,,,,,
3d4(3D)5s,4D,5/2,108 530.532,0.002,,,,,,,,,L18847
,,,,,,,,,,,,,
3d4(3G)4d,2I,11/2,108 768.525,0.002,,,,,,,,,L18847
,,13/2,109 232.693,0.002,,,,,,,,,L18847
,,,,,,,,,,,,,
3d4(1I)5s,2I,13/2,108 928.139,0.003,,,,,,,,,L18847
,,11/2,109 137.075,0.002,,,,,,,,,L18847
,,,,,,,,,,,,,
3d4(3G)4d,2F,7/2,109 092.339,0.003,,,,,,,,,L18847
,,,,,,,,,,,,,
3d4(3G)4d,2H,9/2,109 109.671,0.003,,,,,,,,,L18847
,,11/2,109 200.793,0.005,,,,,,,,,L18847
,,,,,,,,,,,,,
3d4(3D)5s,2D,5/2,109 340.526,0.002,,,,,,,,,L18847
,,3/2,109 411.610,0.004,,,,,,,,,L18847
,,,,,,,,,,,,,
3d4(5D)5d,6S,5/2,109 394.423,0.002,,,,,,,,,L18847
,,,,,,,,,,,,,
3d4(aТ 3F)5d,4P,3/2,109 446.284,0.003,,,,,,,,,L18847
,,5/2,109 457.908,0.002,,,,,,,,,L18847
,,1/2,109 486.012,0.005,,,,,,,,,L18847
,,,,,,,,,,,,,
3d4(5D)6p,6FТА,1/2,109 564.895,0.002,,,,,,,,,L18847
,,3/2,109 611.166,0.002,,,,,,,,,L18847
,,5/2,109 694.307,0.002,,,,,,,,,L18847
,,7/2,109 811.992,0.002,,,,,,,,,L18847
,,9/2,109 965.641,0.002,,,,,,,,,L18847
,,11/2,110 153.975,0.002,,,,,,,,,L18847
,,,,,,,,,,,,,
3d4(5D)6p,4PТА,3/2,109 661.340,0.002,,,,,,,,,L18847
,,5/2,109 973.973,0.002,,,,,,,,,L18847
,,,,,,,,,,,,,
3d4(3G)4d,4D,1/2,109 690.117,0.005,,,,,,,,,L18847
,,3/2,109 861.473,0.005,,,,,,,,,L18847
,,5/2,109 978.082,0.002,,,,,,,,,L18847
,,7/2,110 071.253,0.002,,,,,,,,,L18847
,,,,,,,,,,,,,
3d4(3G)4d,4F,3/2,109 715.636,0.002,,,,,,,,,L18847
,,5/2,109 765.036,0.003,,,,,,,,,L18847
,,7/2,109 843.079,0.002,,,,,,,,,L18847
,,9/2,110 043.962,0.002,,,,,,,,,L18847
,,,,,,,,,,,,,
3d4(5D)6p,6PТА,3/2,109 772.287,0.002,,,,,,,,,L18847
,,5/2,109 864.877,0.002,,,,,,,,,L18847
,,7/2,110 097.043,0.002,,,,,,,,,L18847
,,,,,,,,,,,,,
3d3(aТ 2D)4s4p(3PТА),pТ 2DТА,3/2,109 914.470,0.002,,,,,,,,,L18847
,,5/2,109 943.37,0.03,,,,,,,,,L18847
,,,,,,,,,,,,,
3d4(5D)6p,6DТА,1/2,109 923.386,0.002,,,,,,,,,L18847
,,3/2,110 007.503,0.002,,,,,,,,,L18847
,,5/2,110 138.191,0.002,,,,,,,,,L18847
,,7/2,110 272.075,0.002,,,,,,,,,L18847
,,9/2,110 385.731,0.002,,,,,,,,,L18847
,,,,,,,,,,,,,
3d4(5D)5d,4G,5/2,110 295.323,0.002,,,,,,,,,L18847
,,7/2,110 336.221,0.002,,,,,,,,,L18847
,,9/2,110 371.537,0.002,,,,,,,,,L18847
,,11/2,110 377.023,0.002,,,,,,,,,L18847
,,,,,,,,,,,,,
3d4(5D)6p,4FТА,5/2,110 315.007,0.002,,,,,,,,,L18847
,,7/2,110 471.296,0.002,,,,,,,,,L18847
,,9/2,110 665.468,0.002,,,,,,,,,L18847
,,,,,,,,,,,,,
3d4(5D)6p,4DТА,3/2,110 931.646,0.002,,,,,,,,,L18847
,,5/2,111 082.303,0.002,,,,,,,,,L18847
,,7/2,111 269.149,0.002,,,,,,,,,L18847
,,,,,,,,,,,,,
3d4(aТ 1G)4d,2H,11/2,112 529.147,0.002,,,,,,,,,L18847
,,9/2,112 538.931,0.005,,,,,,,,,L18847
,,,,,,,,,,,,,
3d4(1I)4d,2K,13/2,112 861.381,0.006,,,,,,,,,L18847
,,,,,,,,,,,,,
3d4(3D)4d,2F,7/2,112 922.835,0.005,,,,,,,,,L18847
,,,,,,,,,,,,,
3d4(3D)4d,4F,9/2,112 982.429,0.002,,,,,,,,,L18847
,,,,,,,,,,,,,
3d4(3D)4d,2G,9/2,113 056.855,0.006,,,,,,,,,L18847
,,,,,,,,,,,,,
3d4(3D)4d,4G,9/2,113 167.392,0.002,,,,,,,,,L18847
,,,,,,,,,,,,,
3d4(aТ 1G)4d,2G,7/2,113 604.352,0.002,,,,,,,,,L18847
,,9/2,113 657.850,0.003,,,,,,,,,L18847
,,,,,,,,,,,,,
3d4(3D)4d,4P,3/2,113 709.676,0.004,,,,,,,,,L18847
,,5/2,113 709.743,0.003,,,,,,,,,L18847
,,1/2,113 710.793,0.003,,,,,,,,,L18847
,,,,,,,,,,,,,
3d4(3D)4d,4D,7/2,113 996.994,0.002,,,,,,,,,L18847
,,5/2,114 041.182,0.002,,,,,,,,,L18847
,,1/2,114 044.480,0.002,,,,,,,,,L18847
,,3/2,114 049.627,0.004,,,,,,,,,L18847
,,,,,,,,,,,,,
3d4(5D2)5f,2[1]ТА,1/2,115 150.475,0.002,,,,,,,,,L18847
,,3/2,115 372.797,0.002,,,,,,,,,L18847
,,,,,,,,,,,,,
3d4(1I)4d,2I,11/2,115 199.423,0.002,,,,,,,,,L18847
,,13/2,115 416.173,0.002,,,,,,,,,L18847
,,,,,,,,,,,,,
3d4(5D1)5f,2[3]ТА,5/2,115 208.315,0.002,,,,,,,,,L18847
,,7/2,115 249.241,0.002,,,,,,,,,L18847
,,,,,,,,,,,,,
3d4(5D0)5f,2[3]ТА,7/2,115 218.454,0.002,,,,,,,,,L18847
,,,,,,,,,,,,,
3d4(5D)7s,6D,1/2,115 234.446,0.002,,,,,,,,,L18847
,,3/2,115 302.052,0.002,,,,,,,,,L18847
,,5/2,115 417.795,0.002,,,,,,,,,L18847
,,7/2,115 581.539,0.002,,,,,,,,,L18847
,,9/2,115 788.293,0.002,,,,,,,,,L18847
,,,,,,,,,,,,,
3d4(1I)4d,2H,9/2,115 284.650,0.002,,,,,,,,,L18847
,,11/2,115 548.072,0.002,,,,,,,,,L18847
,,,,,,,,,,,,,
3d4(5D1)5f,2[4]ТА,9/2,115 288.746,0.002,,,,,,,,,L18847
,,7/2,115 309.099,0.002,,,,,,,,,L18847
,,,,,,,,,,,,,
3d4(5D1)5f,2[2]ТА,3/2,115 298.456,0.002,,,,,,,,,L18847
,,5/2,115 309.567,0.002,,,,,,,,,L18847
,,,,,,,,,,,,,
3d4(5D0)5g,2[4],7/2,115 371.136,0.002,,,,,,,,,L18847
,,9/2,115 371.253,0.002,,,,,,,,,L18847
,,,,,,,,,,,,,
3d4(5D1)5f,2[5]ТА,9/2,115 393.396,0.002,,,,,,,,,L18847
,,11/2,115 396.769,0.002,,,,,,,,,L18847
,,,,,,,,,,,,,
3d4(5D2)5f,2[4]ТА,7/2,115 398.383,0.002,,,,,,,,,L18847
,,9/2,115 430.400,0.002,,,,,,,,,L18847
,,,,,,,,,,,,,
3d4(5D2)5f,2[3]ТА,5/2,115 408.057,0.002,,,,,,,,,L18847
,,7/2,115 447.561,0.002,,,,,,,,,L18847
,,,,,,,,,,,,,
3d4(5D1)5g,2[4],9/2,115 411.743,0.002,,,,,,,,,L18847
,,7/2,115 411.928,0.002,,,,,,,,,L18847
,,,,,,,,,,,,,
3d4(5D2)5f,2[2]ТА,3/2,115 430.859,0.002,,,,,,,,,L18847
,,5/2,115 461.720,0.002,,,,,,,,,L18847
,,,,,,,,,,,,,
3d4(5D1)5g,2[5],11/2,115 443.872,0.002,,,,,,,,,L18847
,,9/2,115 443.884,0.002,,,,,,,,,L18847
,,,,,,,,,,,,,
3d4(5D1)5g,2[3],5/2,115 451.435,0.002,,,,,,,,,L18847
,,7/2,115 451.513,0.002,,,,,,,,,L18847
,,,,,,,,,,,,,
3d4(5D3)5f,2[6]ТА,13/2,115 546.522,0.002,,,,,,,,,L18847
,,11/2,115 585.120,0.002,,,,,,,,,L18847
,,,,,,,,,,,,,
3d4(5D2)5g,2[5],11/2,115 554.791,0.002,,,,,,,,,L18847
,,9/2,115 554.910,0.002,,,,,,,,,L18847
,,,,,,,,,,,,,
3d4(5D2)5g,2[4],7/2,115 556.158,0.002,,,,,,,,,L18847
,,9/2,115 556.286,0.002,,,,,,,,,L18847
,,,,,,,,,,,,,
3d4(5D2)5g,2[3],5/2,115 560.488,0.002,,,,,,,,,L18847
,,7/2,115 560.533,0.002,,,,,,,,,L18847
,,,,,,,,,,,,,
3d4(5D2)5g,2[6],13/2,115 560.829,0.002,,,,,,,,,L18847
,,11/2,115 560.936,0.002,,,,,,,,,L18847
,,,,,,,,,,,,,
3d4(5D2)5g,2[2],3/2,115 566.334,0.003,,,,,,,,,L18847
,,5/2,115 566.506,0.002,,,,,,,,,L18847
,,,,,,,,,,,,,
3d4(5D3)5f,2[2]ТА,5/2,115 570.833,0.002,,,,,,,,,L18847
,,3/2,115 605.874,0.002,,,,,,,,,L18847
,,,,,,,,,,,,,
3d4(5D3)5f,2[3]ТА,7/2,115 591.119,0.002,,,,,,,,,L18847
,,,,,,,,,,,,,
3d4(5D3)5f,2[4]ТА,9/2,115 592.350,0.002,,,,,,,,,L18847
,,7/2,115 627.701,0.002,,,,,,,,,L18847
,,,,,,,,,,,,,
3d4(5D3)5f,2[5]ТА,11/2,115 598.879,0.002,,,,,,,,,L18847
,,9/2,115 672.779,0.002,,,,,,,,,L18847
,,,,,,,,,,,,,
3d4(5D)7s,4D,3/2,115 640.348,0.002,,,,,,,,,L18847
,,5/2,115 818.395,0.002,,,,,,,,,L18847
,,7/2,116 047.810,0.002,,,,,,,,,L18847
,,,,,,,,,,,,,
3d4(5D3)5g,2[1],1/2,115 719.258,0.002,,,,,,,,,L18847
,,3/2,115 719.474,0.002,,,,,,,,,L18847
,,,,,,,,,,,,,
3d4(5D3)5g,2[7],15/2,115 723.571,0.002,,,,,,,,,L18847
,,13/2,115 723.757,0.002,,,,,,,,,L18847
,,,,,,,,,,,,,
3d4(5D3)5g,2[2],3/2,115 725.114,0.002,,,,,,,,,L18847
,,5/2,115 725.296,0.002,,,,,,,,,L18847
,,,,,,,,,,,,,
3d4(5D3)5g,2[3],7/2,115 731.924,0.002,,,,,,,,,L18847
,,5/2,115 732.095,0.002,,,,,,,,,L18847
,,,,,,,,,,,,,
3d4(5D4)5f,2[7]ТА,15/2,115 734.765,0.002,,,,,,,,,L18847
,,13/2,115 782.791,0.002,,,,,,,,,L18847
,,,,,,,,,,,,,
3d4(5D3)5g,2[4],9/2,115 738.248,0.002,,,,,,,,,L18847
,,7/2,115 738.293,0.002,,,,,,,,,L18847
,,,,,,,,,,,,,
3d4(5D3)5g,2[6],13/2,115 740.982,0.002,,,,,,,,,L18847
,,11/2,115 741.174,0.002,,,,,,,,,L18847
,,,,,,,,,,,,,
3d4(5D3)5g,2[5],11/2,115 742.253,0.002,,,,,,,,,L18847
,,9/2,115 742.402,0.002,,,,,,,,,L18847
,,,,,,,,,,,,,
3d4(5D4)5f,2[2]ТА,3/2,115 747.537,0.002,,,,,,,,,L18847
,,5/2,115 767.048,0.002,,,,,,,,,L18847
,,,,,,,,,,,,,
3d4(5D4)5f,2[3]ТА,7/2,115 797.198,0.002,,,,,,,,,L18847
,,5/2,115 810.273,0.002,,,,,,,,,L18847
,,,,,,,,,,,,,
3d4(5D4)5f,2[4]ТА,9/2,115 824.417,0.002,,,,,,,,,L18847
,,7/2,115 882.140,0.002,,,,,,,,,L18847
,,,,,,,,,,,,,
3d4(5D4)5f,2[6]ТА,13/2,115 836.534,0.002,,,,,,,,,L18847
,,11/2,115 916.149,0.002,,,,,,,,,L18847
,,,,,,,,,,,,,
3d4(5D4)5f,2[5]ТА,11/2,115 840.373,0.002,,,,,,,,,L18847
,,9/2,115 927.324,0.002,,,,,,,,,L18847
,,,,,,,,,,,,,
3d4(5D4)5g,2[0],1/2,115 900.258,0.002,,,,,,,,,L18847
,,,,,,,,,,,,,
3d4(5D4)5g,2[1],1/2,115 910.098,0.002,,,,,,,,,L18847
,,3/2,115 910.165,0.002,,,,,,,,,L18847
,,,,,,,,,,,,,
3d4(5D4)5g,2[2],3/2,115 926.536,0.002,,,,,,,,,L18847
,,5/2,115 926.610,0.002,,,,,,,,,L18847
,,,,,,,,,,,,,
3d4(5D4)5g,2[8],17/2,115 926.961,0.002,,,,,,,,,L18847
,,15/2,115 927.194,0.002,,,,,,,,,L18847
,,,,,,,,,,,,,
3d3(4P)4s4p(1PТА),4PТА,1/2,115 943.586,0.002,,,,,,,,,L18847
,,3/2,115 966.532,0.002,,,,,,,,,L18847
,,5/2,116 041.530,0.002,,,,,,,,,L18847
,,,,,,,,,,,,,
3d4(5D4)5g,2[3],7/2,115 945.334,0.002,,,,,,,,,L18847
,,5/2,115 945.358,0.002,,,,,,,,,L18847
,,,,,,,,,,,,,
3d4(5D4)5g,2[4],9/2,115 962.598,0.002,,,,,,,,,L18847
,,7/2,115 962.724,0.002,,,,,,,,,L18847
,,,,,,,,,,,,,
3d4(5D4)5g,2[7],15/2,115 968.746,0.002,,,,,,,,,L18847
,,13/2,115 969.057,0.002,,,,,,,,,L18847
,,,,,,,,,,,,,
3d4(5D4)5g,2[5],11/2,115 975.104,0.002,,,,,,,,,L18847
,,9/2,115 975.325,0.002,,,,,,,,,L18847
,,,,,,,,,,,,,
3d4(5D4)5g,2[6],13/2,115 979.188,0.002,,,,,,,,,L18847
,,11/2,115 979.462,0.002,,,,,,,,,L18847
,,,,,,,,,,,,,
3d4(5D)6d,6G,3/2,116 171.620,0.002,,,,,,,,,L18847
,,5/2,116 213.294,0.002,,,,,,,,,L18847
,,7/2,116 281.860,0.002,,,,,,,,,L18847
,,9/2,116 388.867,0.002,,,,,,,,,L18847
,,11/2,116 531.174,0.002,,,,,,,,,L18847
,,13/2,116 708.580,0.002,,,,,,,,,L18847
,,,,,,,,,,,,,
3d4(5D)6d,6P,3/2,116 253.264,0.003,,,,,,,,,L18847
,,5/2,116 294.973,0.002,,,,,,,,,L18847
,,7/2,116 385.582,0.002,,,,,,,,,L18847
,,,,,,,,,,,,,
3d4(aТ 1G)4d,2F,7/2,116 328.527,0.002,,,,,,,,,L18847
,,5/2,116 368.913,0.006,,,,,,,,,L18847
,,,,,,,,,,,,,
3d4(5D)6d,4S,3/2,116 355.464,0.002,,,,,,,,,L18847
,,,,,,,,,,,,,
3d4(5D)6d,6F,1/2,116 360.894,0.002,,,,,,,,,L18847
,,3/2,116 429.137,0.002,,,,,,,,,L18847
,,5/2,116 477.418,0.002,,,,,,,,,L18847
,,7/2,116 572.333,0.002,,,,,,,,,L18847
,,9/2,116 601.561,0.002,,,,,,,,,L18847
,,11/2,116 828.928,0.002,,,,,,,,,L18847
,,,,,,,,,,,,,
3d3(2F)4s4p(3PТА),4DТА,1/2,116 580.714,0.003,,,,,,,,,L18847
,,3/2,116 616.153,0.003,,,,,,,,,L18847
,,5/2,116 668.935,0.002,,,,,,,,,L18847
,,7/2,116 690.829,0.003,,,,,,,,,L18847
,,,,,,,,,,,,,
3d4(5D)6d,6D,3/2,116 581.652,0.002,,,,,,,,,L18847
,,5/2,116 687.111,0.002,,,,,,,,,L18847
,,7/2,116 790.219,0.002,,,,,,,,,L18847
,,9/2,116 831.643,0.007,,,,,,,,,L18847
,,,,,,,,,,,,,
3d4(5D)6d,4G,5/2,116 877.085,0.004,,,,,,,,,L18847
,,7/2,116 985.251,0.002,,,,,,,,,L18847
,,9/2,117 141.489,0.002,,,,,,,,,L18847
,,11/2,117 342.323,0.002,,,,,,,,,L18847
,,,,,,,,,,,,,
3d4(5D)6d,4D,5/2,117 072.748,0.002,,,,,,,,,L18847
,,7/2,117 263.378,0.002,,,,,,,,,L18847
,,,,,,,,,,,,,
3d4(5D)6d,4F,5/2,117 228.410,0.002,,,,,,,,,L18847
,,9/2,117 488.413,0.002,,,,,,,,,L18847
,,7/2,117 520.657,0.002,,,,,,,,,L18847
,,,,,,,,,,,,,
3d4(5D)6d,4P,3/2,117 381.538,0.012,,,,,,,,,L18847
,,5/2,117 481.158,0.002,,,,,,,,,L18847
,,,,,,,,,,,,,
3d4(5D)6d,6S,5/2,117 672.468,0.002,,,,,,,,,L18847
,,,,,,,,,,,,,
3d3(4P)4s4p(1PТА),4DТА,3/2,118 622.539,0.002,,,,,,,,,L18847
,,5/2,118 640.159,0.002,,,,,,,,,L18847
,,1/2,118 661.768,0.002,,,,,,,,,L18847
,,7/2,118 753.650,0.002,,,,,,,,,L18847
,,,,,,,,,,,,,
3d3(4P)4s4p(1PТА),4SТА,3/2,119 702.270,0.002,,,,,,,,,L18847
,,,,,,,,,,,,,
3d4(5D)8s,6D,1/2,120 702.6,0.2,,,,,,,,,L7185
,,3/2,120 757.1,0.2,,,,,,,,,L7185
,,5/2,120 870.616,0.011,,,,,,,,,L18847
,,7/2,121 036.36,0.09,,,,,,,,,L18847
,,9/2,121 246.734,0.004,,,,,,,,,L18847
,,,,,,,,,,,,,
3d4(5D0)6h,2[5]ТА,9/2,120 769.567,0.002,,,,,,,,,L18847
,,11/2,120 769.581,0.002,,,,,,,,,L18847
,,,,,,,,,,,,,
3d4(5D1)6g,2[4],9/2,120 801.103,0.003,,,,,,,,,L18847
,,,,,,,,,,,,,
3d4(5D1)6g,2[5],11/2,120 819.966,0.002,,,,,,,,,L18847
,,9/2,120 820.036,0.004,,,,,,,,,L18847
,,,,,,,,,,,,,
3d4(5D1)6h,2[5]ТА,11/2,120 824.122,0.002,,,,,,,,,L18847
,,9/2,120 824.151,0.002,,,,,,,,,L18847
,,,,,,,,,,,,,
3d4(5D1)6h,2[6]ТА,11/2,120 836.388,0.002,,,,,,,,,L18847
,,13/2,120 836.419,0.002,,,,,,,,,L18847
,,,,,,,,,,,,,
3d4(5D1)6h,2[4]ТА,7/2,120 837.228,0.002,,,,,,,,,L18847
,,9/2,120 837.240,0.002,,,,,,,,,L18847
,,,,,,,,,,,,,
3d4(5D2)6g,2[5],11/2,120 933.606,0.002,,,,,,,,,L18847
,,9/2,120 933.692,0.002,,,,,,,,,L18847
,,,,,,,,,,,,,
3d4(5D2)6g,2[4],9/2,120 933.950,0.004,,,,,,,,,L18847
,,,,,,,,,,,,,
3d4(5D2)6g,2[6],13/2,120 938.560,0.002,,,,,,,,,L18847
,,11/2,120 938.715,0.003,,,,,,,,,L18847
,,,,,,,,,,,,,
3d4(5D2)6h,2[6]ТА,11/2,120 951.148,0.002,,,,,,,,,L18847
,,13/2,120 951.158,0.002,,,,,,,,,L18847
,,,,,,,,,,,,,
3d4(5D2)6h,2[5]ТА,9/2,120 951.151,0.002,,,,,,,,,L18847
,,11/2,120 951.162,0.002,,,,,,,,,L18847
,,,,,,,,,,,,,
3d4(5D2)6h,2[7]ТА,13/2,120 954.458,0.002,,,,,,,,,L18847
,,15/2,120 954.472,0.002,,,,,,,,,L18847
,,,,,,,,,,,,,
3d4(5D2)6h,2[3]ТА,5/2,120 955.931,0.004,,,,,,,,,L18847
,,7/2,120 955.933,0.002,,,,,,,,,L18847
,,,,,,,,,,,,,
3d4(5D3)6g,2[7],15/2,121 105.710,0.002,,,,,,,,,L18847
,,13/2,121 105.929,0.004,,,,,,,,,L18847
,,,,,,,,,,,,,
3d4(5D3)6g,2[6],13/2,121 113.947,0.003,,,,,,,,,L18847
,,11/2,121 114.171,0.002,,,,,,,,,L18847
,,,,,,,,,,,,,
3d4(5D3)6g,2[5],11/2,121 115.222,0.003,,,,,,,,,L18847
,,9/2,121 115.392,0.007,,,,,,,,,L18847
,,,,,,,,,,,,,
3d4(5D3)6h,2[2]ТА,5/2,121 122.687,0.002,,,,,,,,,L18847
,,,,,,,,,,,,,
3d4(5D3)6h,2[8]ТА,15/2,121 124.017,0.002,,,,,,,,,L18847
,,17/2,121 124.033,0.002,,,,,,,,,L18847
,,,,,,,,,,,,,
3d4(5D3)6h,2[3]ТА,5/2,121 124.654,0.003,,,,,,,,,L18847
,,7/2,121 124.656,0.002,,,,,,,,,L18847
,,,,,,,,,,,,,
3d4(5D3)6h,2[4]ТА,9/2,121 126.739,0.002,,,,,,,,,L18847
,,7/2,121 126.742,0.002,,,,,,,,,L18847
,,,,,,,,,,,,,
3d4(5D3)6h,2[7]ТА,13/2,121 128.197,0.002,,,,,,,,,L18847
,,15/2,121 128.208,0.002,,,,,,,,,L18847
,,,,,,,,,,,,,
3d4(5D3)6h,2[5]ТА,9/2,121 128.466,0.002,,,,,,,,,L18847
,,11/2,121 128.477,0.002,,,,,,,,,L18847
,,,,,,,,,,,,,
3d4(5D3)6h,2[6]ТА,11/2,121 129.231,0.002,,,,,,,,,L18847
,,13/2,121 129.240,0.002,,,,,,,,,L18847
,,,,,,,,,,,,,
3d4(5D4)6g,2[8],17/2,121 315.471,0.002,,,,,,,,,L18847
,,15/2,121 315.742,0.002,,,,,,,,,L18847
,,,,,,,,,,,,,
3d4(5D4)6h,2[2]ТА,5/2,121 332.687,0.004,,,,,,,,,L18847
,,,,,,,,,,,,,
3d4(5D4)6g,2[4],9/2,121 335.027,0.004,,,,,,,,,L18847
,,7/2,121 335.25,0.10,,,,,,,,,L7185
,,,,,,,,,,,,,
3d4(5D4)6h,2[9]ТА,17/2,121 337.365,0.002,,,,,,,,,L18847
,,19/2,121 337.388,0.002,,,,,,,,,L18847
,,,,,,,,,,,,,
3d4(5D4)6g,2[7],15/2,121 338.265,0.006,,,,,,,,,L18847
,,13/2,121 338.591,0.007,,,,,,,,,L18847
,,,,,,,,,,,,,
3d4(5D4)6h,2[3]ТА,7/2,121 340.265,0.002,,,,,,,,,L18847
,,,,,,,,,,,,,
3d4(5D4)6g,2[5],11/2,121 342.424,0.005,,,,,,,,,L18847
,,9/2,121 342.678,0.003,,,,,,,,,L18847
,,,,,,,,,,,,,
3d4(5D4)6g,2[6],13/2,121 344.717,0.009,,,,,,,,,L18847
,,11/2,121 345.018,0.003,,,,,,,,,L18847
,,,,,,,,,,,,,
3d4(5D4)6h,2[8]ТА,15/2,121 349.725,0.002,,,,,,,,,L18847
,,17/2,121 349.738,0.002,,,,,,,,,L18847
,,,,,,,,,,,,,
3d4(5D4)6h,2[5]ТА,9/2,121 350.903,0.002,,,,,,,,,L18847
,,11/2,121 350.914,0.002,,,,,,,,,L18847
,,,,,,,,,,,,,
3d4(5D4)6h,2[6]ТА,13/2,121 354.138,0.002,,,,,,,,,L18847
,,11/2,121 354.145,0.002,,,,,,,,,L18847
,,,,,,,,,,,,,
3d4(5D4)6h,2[7]ТА,13/2,121 354.332,0.002,,,,,,,,,L18847
,,15/2,121 354.339,0.002,,,,,,,,,L18847
,,,,,,,,,,,,,
3d4(5D)9s,6D,7/2,124 310.74,0.10,,,,,,,,,L7185
,,9/2,124 523.791,0.008,,,,,,,,,L18847
,,,,,,,,,,,,,
CrТ IIIТ (3d4Т 5D0),Limit,---,132 971.02,0.12,,,,,,,,,L18847
