Configuration,Term,J,"Level혻
혻(cm-1)","Uncertainty혻
혻(cm-1)",Leading percentages,,,,,,,Reference
,,,,,,,,,,,,
3d5,a혻6S,5/2,0.00,0,100,,,,,,,L7185
,,,,,,,,,,,,
3d5,a혻4G,11/2,26 824.40,,100,,,,,,,
,,9/2,26 851.10,,100,,,,,,,
,,5/2,26 857.80,,100,,,,,,,
,,7/2,26 859.90,,100,,,,,,,
,,,,,,,,,,,,
3d5,a혻4P,5/2,29 167.70,,97,,,,,,,
,,3/2,29 207.30,,98,,,,,,,
,,1/2,29 241.40,,99,,,,,,,
,,,,,,,,,,,,
3d5,a혻4D,7/2,32 307.30,,100,,,,,,,
,,1/2,32 368.9,,99,,,,,,,
,,5/2,32 383.70,,97,,,,,,,
,,3/2,32 384.70,,98,,,,,,,
,,,,,,,,,,,,
3d5,a혻2I,11/2,39 174.4,,99,,,,,,,
,,13/2,39 176.5,,100,,,,,,,
,,,,,,,,,,,,
3d5,a혻2D3,5/2,41 238.1,,58,,,,22,3d5,2F1,
,,3/2,41 569.8,,73,,,,24,3d5,2D1,
,,,,,,,,,,,,
3d5,a혻2F1,7/2,42 606.5,,98,,,,,,,
,,5/2,43 105.4,,72,,,,14,3d5,2D3,
,,,,,,,,,,,,
3d5,a혻4F,9/2,43 573.16,,99,,,,,,,
,,7/2,43 602.50,,99,,,,,,,
,,5/2,43 668.84,,90,,,,,,,
,,3/2,43 674.7,,96,,,,,,,
,,,,,,,,,,,,
3d5,a혻2H,9/2,46 515.9,,92,,,,,,,
,,11/2,46 670.7,,99,,,,,,,
,,,,,,,,,,,,
3d5,a혻2G2,7/2,47 842.0,,99,,,,,,,
,,9/2,48 005.2,,91,,,,,,,
,,,,,,,,,,,,
3d5,b혻2F2,5/2,51 002.7,,99,,,,,,,
,,7/2,51 059.7,,99,,,,,,,
,,,,,,,,,,,,
3d5,a혻2S,1/2,55 677.7,,100,,,,,,,
,,,,,,,,,,,,
3d5,b혻2D2,3/2,61 580.2,,100,,,,,,,
,,5/2,61 603.8,,100,,,,,,,
,,,,,,,,,,,,
3d4(5D)4s,a혻6D,1/2,62 456.99,,100,,,,,,,
,,3/2,62 568.08,,100,,,,,,,
,,5/2,62 747.50,,100,,,,,,,
,,7/2,62 988.92,,100,,,,,,,
,,9/2,63 285.37,,100,,,,,,,
,,,,,,,,,,,,
3d5,b혻2G1,7/2,68 892.00,,100,,,,,,,
,,9/2,68 899.20,,100,,,,,,,
,,,,,,,,,,,,
3d4(5D)4s,b혻4D,1/2,71 395.27,,100,,,,,,,
,,3/2,71 564.21,,100,,,,,,,
,,5/2,71 831.98,,100,,,,,,,
,,7/2,72 183.33,,100,,,,,,,
,,,,,,,,,,,,
3d5,a혻2P,3/2,83 176.0,,100,,,,,,,
,,1/2,83 229.0,,100,,,,,,,
,,,,,,,,,,,,
3d4(3P2)4s,b혻4P,1/2,84 610.53,,61,,,,38,3d4(3P1)4s,4P,
,,3/2,85 173.88,,61,,,,38,3d4(3P1)4s,4P,
,,5/2,86 051.50,,62,,,,38,3d4(3P1)4s,4P,
,,,,,,,,,,,,
3d4(3H)4s,a혻4H,7/2,84 981.63,,100,,,,,,,
,,9/2,85 077.09,,100,,,,,,,
,,11/2,85 200.76,,94,,,,6,3d4(3G)4s,4H,
,,13/2,85 346.72,,100,,,,,,,
,,,,,,,,,,,,
3d4(3F2)4s,b혻4F,3/2,86 486.77,,79,,,,20,3d4(3F1)4s,4F,
,,5/2,86 520.94,,79,,,,20,3d4(3F1)4s,4F,
,,7/2,86 578.24,,79,,,,19,3d4(3F1)4s,4F,
,,9/2,86 654.07,,79,,,,19,3d4(3F1)4s,4F,
,,,,,,,,,,,,
3d4(3G)4s,b혻4G,5/2,88 880.08,,98,,,,,,,
,,7/2,89 052.44,,98,,,,,,,
,,9/2,89 204.69,,81,,,,18,3d4(3H)4s,2H,
,,11/2,89 307.22,,94,,,,6,3d4(3H)4s,4H,
,,,,,,,,,,,,
3d5,c혻2D1,5/2,89 496.3,,76,,,,24,3d5,2D3,
,,3/2,89 543.4?,,75,,,,24,3d5,2D3,
,,,,,,,,,,,,
3d4(3P2)4s,b혻2P,1/2,90 233.5,,61,,,,38,3d4(3P1)4s,2P,
,,3/2,91 308.3,,61,,,,38,3d4(3P1)4s,2P,
,,,,,,,,,,,,
3d4(3H)4s,b혻2H,9/2,90 440.50,,81,,,,,,,
,,11/2,90 746.06,,98,,,,,,,
,,,,,,,,,,,,
3d4(3F2)4s,c혻2F,5/2,91 906.10,,79,,,,20,3d4(3F1)4s,2F,
,,7/2,91 948.30,,79,,,,19,3d4(3F1)4s,2F,
,,,,,,,,,,,,
3d4(3G)4s,c혻2G,7/2,94 397.20,,98,,,,,,,
,,9/2,94 707.20,,100,,,,,,,
,,,,,,,,,,,,
3d4(3D)4s,c혻4D,7/2,94 697.85,,100,,,,,,,
,,5/2,94 771.47,,100,,,,,,,
,,3/2,94 850.66,,100,,,,,,,
,,1/2,94 906.45,,100,,,,,,,
,,,,,,,,,,,,
3d4(1G2)4s,d혻2G,9/2,96 430.4,,66,,,,34,3d4(1G1)4s,2G,
,,7/2,96 487.5,,66,,,,34,3d4(1G1)4s,2G,
,,,,,,,,,,,,
3d4(1I)4s,b혻2I,13/2,97 239.86,,100,,,,,,,
,,11/2,97 271.76,,100,,,,,,,
,,,,,,,,,,,,
3d4(1S2)4s,b혻2S,1/2,98 960.7,,77,,,,22,3d4(1S1)4s,2S,
,,,,,,,,,,,,
3d4(3D)4s,d혻2D,5/2,100 001.30,,100,,,,,,,
,,3/2,100 085.20,,100,,,,,,,
,,,,,,,,,,,,
3d4(1D2)4s,e혻2D,5/2,104 470.8,,77,,,,22,3d4(1D1)4s,2D,
,,3/2,104 517.9,,77,,,,21,3d4(1D1)4s,2D,
,,,,,,,,,,,,
3d4(1F)4s,d혻2F,7/2,109 861.35,,100,,,,,,,
,,5/2,109 864.40,,100,,,,,,,
,,,,,,,,,,,,
3d4(5D)4p,z혻6F째,1/2,110 036.14,,100,,,,,,,
,,3/2,110 172.69,,100,,,,,,,
,,5/2,110 398.50,,100,,,,,,,
,,7/2,110 711.62,,100,,,,,,,
,,9/2,111 111.39,,100,,,,,,,
,,11/2,111 601.45,,100,,,,,,,
,,,,,,,,,,,,
3d4(5D)4p,z혻6P째,3/2,111 776.60,,98,,,,,,,
,,5/2,111 883.60,,98,,,,,,,
,,7/2,112 057.80,,100,,,,,,,
,,,,,,,,,,,,
3d4(5D)4p,z혻4P째,1/2,112 645.31,,73,,,,24,3d4(5D)4p,6D째,
,,3/2,113 078.34,,66,,,,30,3d4(5D)4p,6D째,
,,5/2,113 676.53,,51,,,,48,3d4(5D)4p,6D째,
,,,,,,,,,,,,
3d4(5D)4p,z혻6D째,1/2,113 991.31,,75,,,,24,3d4(5D)4p,4P째,
,,3/2,114 094.97,,69,,,,30,3d4(5D)4p,4P째,
,,7/2,114 209.01,,99,,,,,,,
,,5/2,114 287.91,,52,,,,46,3d4(5D)4p,4P째,
,,9/2,114 501.18,,97,,,,,,,
,,,,,,,,,,,,
3d4(3F1)4s,c혻4F,9/2,115 711.60,,81,,,,19,3d4(3F2)4s,4F,
,,3/2,115 762.60,,79,,,,20,3d4(3F2)4s,4F,
,,7/2,115 774.00,,79,,,,20,3d4(3F2)4s,4F,
,,5/2,115 780.23,,79,,,,20,3d4(3F2)4s,4F,
,,,,,,,,,,,,
3d4(3P1)4s,c혻4P,3/2,116 207.50,,62,,,,38,3d4(3P2)4s,4P,
,,1/2,116 498.40,,62,,,,38,3d4(3P2)4s,4P,
,,5/2,116 622.40,,62,,,,38,3d4(3P2)4s,4P,
,,,,,,,,,,,,
3d4(5D)4p,z혻4F째,3/2,116 580.17,,96,,,,,,,
,,5/2,116 692.14,,96,,,,,,,
,,7/2,116 851.69,,95,,,,,,,
,,9/2,117 063.74,,94,,,,,,,
,,,,,,,,,,,,
3d4(3F1)4s,e혻2F,7/2,120 955.45,,81,,,,19,3d4(3F2)4s,2F,
,,5/2,121 003.10,,79,,,,20,3d4(3F2)4s,2F,
,,,,,,,,,,,,
3d4(5D)4p,z혻4D째,1/2,120 974.25,,98,,,,,,,
,,3/2,121 091.08,,98,,,,,,,
,,5/2,121 267.32,,98,,,,,,,
,,7/2,121 480.24,,98,,,,,,,
,,,,,,,,,,,,
3d4(1G1)4s,e혻2G,9/2,124 973.18,,66,,,,34,3d4(3F2)4s,2F,
,,7/2,124 986.30,,66,,,,34,3d4(1G2)4s,2G,
,,,,,,,,,,,,
3d4(3H)4p,z혻4H째,7/2,130 731.31,,80,,,,18,3d4(3G)4p,4H째,
,,9/2,130 895.39,,79,,,,17,3d4(3G)4p,4H째,
,,11/2,131 123.64,,79,,,,16,3d4(3G)4p,4H째,
,,13/2,131 420.03,,82,,,,14,3d4(3G)4p,4H째,
,,,,,,,,,,,,
3d4(a혻3P)4p,y혻4D째,1/2,131 287.18,,83,,,,14,3d4(a혻3F)4p,4D째,
,,3/2,131 701.69,,82,,,,16,3d4(a혻3F)4p,4D째,
,,5/2,132 297.55,,78,,,,20,3d4(a혻3F)4p,4D째,
,,7/2,132 971.99,,69,,,,29,3d4(a혻3F)4p,4D째,
,,,,,,,,,,,,
3d4(a혻3F)4p,z혻4G째,5/2,132 897.74,,72,,,,18,3d4(3G)4p,4G째,
,,7/2,133 059.84,,59,,,,15,3d4(3G)4p,4G째,
,,9/2,133 276.40,,45,,,,13,3d4(3G)4p,4G째,
,,11/2,133 736.64,,55,,,,22,3d4(3H)4p,4G째,
,,,,,,,,,,,,
3d4(3H)4p,z혻4I째,9/2,133 086.57,,94,,,,,,,
,,11/2,133 455.64,,95,,,,,,,
,,13/2,133 804.28,,96,,,,,,,
,,15/2,134 136.60,,100,,,,,,,
,,,,,,,,,,,,
3d4(a혻3P)4p,z혻2S째,1/2,133 662.6,,50,,,,42,3d4(a혻3P)4p,4P째,
,,,,,,,,,,,,
3d4(3H)4p,z혻2G째,7/2,133 751.50,,49,,,,28,3d4(a혻3F)4p,2G째,
,,9/2,133 949.54,,39,,,,27,3d4(a혻3F)4p,2G째,
,,,,,,,,,,,,
3d4(a혻3P)4p,y혻4P째,3/2,134 638.39,,91,,,,,,,
,,1/2,134 789.10,,52,,,,32,3d4(a혻3P)4p,2S째,
,,5/2,135 246.27,,90,,,,,,,
,,,,,,,,,,,,
3d4(a혻3F)4p,y혻4F째,3/2,135 116.80,,50,,,,30,3d4(a혻3F)4p,2D째,
,,5/2,135 510.70,,50,,,,25,3d4(3H)4p,4G째,
,,7/2,135 869.76,,84,,,,8,3d4(3H)4p,4G째,
,,9/2,135 944.08,,86,,,,4,3d4(3H)4p,4G째,
,,,,,,,,,,,,
3d4(3H)4p,y혻4G째,7/2,135 692.17,,52,,,,28,3d4(a혻3F)4p,4G째,
,,5/2,135 709.90,,34,,,,24,3d4(a혻3F)4p,4F째,
,,9/2,135 732.50,,54,,,,31,3d4(a혻3F)4p,4G째,
,,11/2,135 781.09,,51,,,,40,3d4(a혻3F)4p,4G째,
,,,,,,,,,,,,
3d4(a혻3P)4p,z혻2P째,3/2,135 859.0,,44,,,,28,3d4(a혻3P)4p,4S째,
,,1/2,136 089.4,,71,,,,17,3d4(a혻3P)4p,2S째,
,,,,,,,,,,,,
3d4(a혻3F)4p,째,3/2,135 977.8,,33,2D째,,,26,3d4(a혻3F)4p,4F째,
,,,,,,,,,,,,
3d4(a혻3F)4p,z혻2D째,5/2,136 053.9,,54,,,,18,3d4(a혻3F)4p,4F째,
,,,,,,,,,,,,
3d4(3H)4p,z혻2I째,11/2,136 421.50,,92,,,,4,3d4(1I)4p,2I째,
,,13/2,136 500.63,,93,,,,,,,
,,,,,,,,,,,,
3d4(a혻3F)4p,x혻4D째,5/2,136 796.61,,62,,,,18,3d4(a혻3P)4p,4D째,
,,7/2,136 823.86,,51,,,,27,3d4(a혻3P)4p,4D째,
,,3/2,136 888.70,,61,,,,15,3d4(a혻3P)4p,4D째,
,,1/2,136 935.60,,78,,,,15,3d4(a혻3P)4p,4D째,
,,,,,,,,,,,,
3d4(a혻3P)4p,째,3/2,137 137.69,,39,4S째,,,30,3d4(a혻3P)4p,2P째,
,,,,,,,,,,,,
3d4(a혻3F)4p,z혻2F째,5/2,137 282.40,,35,,,,28,3d4(3G)4p,2F째,
,,7/2,137 599.20,,38,,,,23,3d4(3G)4p,2F째,
,,,,,,,,,,,,
3d4(3H)4p,z혻2H째,9/2,137 436.70,,71,,,,14,3d4(a혻1G)4p,2H째,
,,11/2,137 908.20,,72,,,,11,3d4(a혻1G)4p,2H째,
,,,,,,,,,,,,
3d4(3G)4p,y혻4H째,7/2,137 660.24,,80,,,,17,3d4(3H)4p,4H째,
,,9/2,137 935.53,,76,,,,15,3d4(3H)4p,4H째,
,,11/2,138 245.09,,73,,,,13,3d4(3H)4p,4H째,
,,13/2,138 605.80,,83,,,,14,3d4(3H)4p,4H째,
,,,,,,,,,,,,
3d4(3G)4p,x혻4F째,3/2,138 234.79,,68,,,,14,3d4(3D)4p,4F째,
,,9/2,138 312.70,,71,,,,13,3d4(3D)4p,4F째,
,,5/2,138 340.62,,50,,,,25,3d4(a혻3P)4p,2D째,
,,7/2,138 362.80,,69,,,,14,3d4(3D)4p,4F째,
,,,,,,,,,,,,
3d4(a혻3P)4p,y혻2D째,3/2,138 692.0,,70,,,,13,3d4(a혻3F)4p,2D째,
,,5/2,139 273.2,,55,,,,21,3d4(3G)4p,4F째,
,,,,,,,,,,,,
3d4(a혻3F)4p,y혻2G째,7/2,139 643.6,,53,,,,24,3d4(3H)4p,2G째,
,,9/2,139 857.40,,44,,,,24,3d4(3H)4p,2G째,
,,,,,,,,,,,,
3d4(3G)4p,y혻2H째,11/2,139 902.06,,53,,,,23,3d4(3H)4p,2G째,
,,9/2,139 970.90,,48,,,,18,3d4(3G)4p,4G째,
,,,,,,,,,,,,
3d4(3G)4p,y혻2F째,5/2,139 944.4,,42,,,,41,3d4(a혻3F)4p,2F째,
,,7/2,140 401.1,,48,,,,40,3d4(a혻3F)4p,2F째,
,,,,,,,,,,,,
3d4(3G)4p,x혻4G째,5/2,140 207.09,,57,,,,25,3d4(3H)4p,4G째,
,,7/2,140 294.44,,62,,,,24,3d4(3H)4p,4G째,
,,9/2,140 557.46,,46,,,,17,3d4(3G)4p,2H째,
,,11/2,140 776.88,,47,,,,27,3d4(3G)4p,2H째,
,,,,,,,,,,,,
3d4(3G)4p,x혻2G째,7/2,143 097.00,,74,,,,15,3d4(3H)4p,2G째,
,,9/2,143 161.50,,67,,,,17,3d4(3H)4p,2G째,
,,,,,,,,,,,,
3d4(3D)4p,w혻4D째,1/2,143 127.00,,92,,,,,,,
,,3/2,143 148.40,,87,,,,,,,
,,5/2,143 209.80,,79,,,,12,3d4(3D)4p,4P째,
,,7/2,143 345.07,,88,,,,,,,
,,,,,,,,,,,,
3d4(a혻1G)4p,x혻2F째,7/2,144 129.8,,82,,,,4,3d4(3G)4p,2F째,
,,5/2,144 718.4,,81,,,,5,3d4(3G)4p,2F째,
,,,,,,,,,,,,
3d4(3D)4p,x혻4P째,5/2,144 146.50,,81,,,,10,3d4(3D)4p,4D째,
,,3/2,144 619.00,,82,,,,8,3d4(3D)4p,4D째,
,,1/2,144 832.90,,93,,,,,,,
,,,,,,,,,,,,
3d4(1I)4p,y혻2I째,13/2,144 258.5,,74,,,,23,3d4(1I)4p,2K째,
,,11/2,144 311.0,,90,,,,7,3d4(a혻1G)4p,2H째,
,,,,,,,,,,,,
3d4(a혻1G)4p,x혻2H째,9/2,144 522.30,,80,,,,10,3d4(3H)4p,2H째,
,,11/2,144 880.10,,76,,,,10,3d4(3H)4p,2H째,
,,,,,,,,,,,,
3d4(3D)4p,w혻4F째,3/2,144 525.50,,70,,,,16,3d4(3G)4p,4F째,
,,5/2,144 672.38,,72,,,,16,3d4(3G)4p,4F째,
,,7/2,144 817.68,,77,,,,16,3d4(3G)4p,4F째,
,,9/2,144 959.74,,83,,,,16,3d4(3G)4p,4F째,
,,,,,,,,,,,,
3d4(3D)4p,y혻2P째,1/2,144 879.1,,45,,,,47,3d4(a혻1S)4p,2P째,
,,3/2,145 120.8,,56,,,,38,3d4(a혻1S)4p,2P째,
,,,,,,,,,,,,
3d4(1I)4p,z혻2K째,13/2,145 008.36,,77,,,,23,3d4(1I)4p,2I째,
,,15/2,145 455.10,,100,,,,,,,
,,,,,,,,,,,,
3d4(a혻1G)4p,w혻2G째,7/2,146 591.9,,80,,,,10,3d4(3G)4p,2G째,
,,9/2,146 788.4,,78,,,,15,3d4(3G)4p,2G째,
,,,,,,,,,,,,
3d4(1I)4p,w혻2H째,11/2,148 206.90,,85,,,,9,3d4(3G)4p,2H째,
,,9/2,148 560.50,,87,,,,9,3d4(3G)4p,2H째,
,,,,,,,,,,,,
3d4(3D)4p,w혻2F째,7/2,148 355.60,,73,,,,9,3d4(3G)4p,2F째,
,,5/2,148 568.40,,73,,,,11,3d4(3G)4p,2F째,
,,,,,,,,,,,,
3d4(3D)4p,x혻2D째,5/2,149 234.40,,58,,,,30,3d4(a혻1D)4p,2D째,
,,3/2,149 540.5,,64,,,,15,3d4(a혻1D)4p,2D째,
,,,,,,,,,,,,
3d4(a혻1S)4p,x혻2P째,3/2,149 512.90,,43,,,,24,3d4(3D)4p,2P째,
,,1/2,149 621.00,,41,,,,42,3d4(3D)4p,2P째,
,,,,,,,,,,,,
3d4(a혻1D)4p,w혻2D째,3/2,151 628.8,,67,,,,15,3d4(3D)4p,2D째,
,,5/2,151 871.3,,58,,,,23,3d4(3D)4p,2D째,
,,,,,,,,,,,,
3d4(a혻1D)4p,v혻2F째,7/2,152 370.65,,83,,,,10,3d4(1F)4p,2F째,
,,5/2,153 067.70,,81,,,,5,3d4(1F)4p,2F째,
,,,,,,,,,,,,
3d4(1F)4p,u혻2F째,5/2,156 621.7,,81,,,,7,3d4(a혻1D)4p,2F째,
,,7/2,156 809.6,,78,,,,10,3d4(a혻1D)4p,2F째,
,,,,,,,,,,,,
3d4(1F)4p,v혻2G째,9/2,158 016.3,,95,,,,,,,
,,,,,,,,,,,,
3d4(1F)4p,v혻2D째,5/2,160 039.7,,66,,,,18,3d4(b혻3P)4p,2D째,
,,3/2,160 758.5,,70,,,,16,3d4(b혻3P)4p,2D째,
,,,,,,,,,,,,
3d4(b혻3F)4p,v혻4F째,3/2,162 999.8,,96,,,,,,,
,,5/2,163 022.3,,92,,,,,,,
,,7/2,163 078.5,,92,,,,,,,
,,9/2,163 194.6,,98,,,,,,,
,,,,,,,,,,,,
3d4(b혻3F)4p,w혻4G째,5/2,165 382.0,,79,,,,16,3d4(b혻3F)4p,2F째,
,,7/2,165 428.7,,80,,,,15,3d4(b혻3F)4p,2F째,
,,9/2,165 740.0,,97,,,,,,,
,,11/2,165 947.0,,99,,,,,,,
,,,,,,,,,,,,
3d4(b혻3F)4p,t혻2F째,7/2,165 702.9,,73,,,,17,3d4(b혻3F)4p,4G째,
,,5/2,165 922.9,,73,,,,16,3d4(b혻3F)4p,4G째,
,,,,,,,,,,,,
3d4(b혻3P)4p,y혻4S째,3/2,167 808.4,,97,,,,,,,
,,,,,,,,,,,,
3d4(b혻3F)4p,u혻2G째,9/2,169 455.0,,97,,,,,,,
,,11/2,169 682.4,,97,,,,,,,
,,,,,,,,,,,,
3d4(b혻3F)4p,u혻4D째,7/2,169 518.3,,68,,,,31,3d4(b혻3P)4p,4D째,
,,5/2,169 773.2,,69,,,,30,3d4(b혻3P)4p,4D째,
,,3/2,169 977.2?,,69,,,,30,3d4(b혻3P)4p,4D째,
,,,,,,,,,,,,
3d4(5D)4d,e혻6G,3/2,172 451.23,,,,,,,,,
,,5/2,172 547.85,,,,,,,,,
,,7/2,172 682.64,,,,,,,,,
,,9/2,172 855.02,,,,,,,,,
,,11/2,173 063.55,,,,,,,,,
,,13/2,173 306.45,,,,,,,,,
,,,,,,,,,,,,
3d4(5D)4d,e혻6P,3/2,172 569.27,,,,,,,,,
,,5/2,172 613.87,,,,,,,,,
,,7/2,172 755.95,,,,,,,,,
,,,,,,,,,,,,
3d4(5D)4d,e혻6D,1/2,173 835.07,,,,,,,,,
,,3/2,173 920.69,,,,,,,,,
,,5/2,174 048.89,,,,,,,,,
,,7/2,174 243.33,,,,,,,,,
,,9/2,174 464.07,,,,,,,,,
,,,,,,,,,,,,
3d4(5D)4d,e혻6F,1/2,174 247.63,,,,,,,,,
,,3/2,174 332.91,,,,,,,,,
,,5/2,174 436.59,,,,,,,,,
,,7/2,174 575.87,,,,,,,,,
,,9/2,174 874.50,,,,,,,,,
,,11/2,174 975.65,,,,,,,,,
,,,,,,,,,,,,
3d4(5D)4d,e혻4P,1/2,175 918.50,,,,,,,,,
,,3/2,176 265.78,,,,,,,,,
,,5/2,176 683.76,,,,,,,,,
,,,,,,,,,,,,
3d4(5D)5s,f혻6D,1/2,176 100.71,,,,,,,,,
,,3/2,176 209.15,,,,,,,,,
,,5/2,176 390.67,,,,,,,,,
,,7/2,176 641.14,,,,,,,,,
,,9/2,176 945.20,,,,,,,,,
,,,,,,,,,,,,
3d4(5D)4d,e혻4G,5/2,176 270.25,,,,,,,,,
,,7/2,176 464.78,,,,,,,,,
,,9/2,176 695.06,,,,,,,,,
,,11/2,176 970.01,,,,,,,,,
,,,,,,,,,,,,
3d4(5D)4d,e혻4D,1/2,177 185.18,,,,,,,,,
,,3/2,177 269.34,,,,,,,,,
,,5/2,177 477.23,,,,,,,,,
,,7/2,177 687.54,,,,,,,,,
,,,,,,,,,,,,
3d4(5D)5s,f혻4D,1/2,178 386.00,,,,,,,,,
,,3/2,178 558.30,,,,,,,,,
,,5/2,178 816.96,,,,,,,,,
,,7/2,179 152.09,,,,,,,,,
,,,,,,,,,,,,
3d4(5D)4d,e혻4F,3/2,179 228.69,,,,,,,,,
,,5/2,179 339.59,,,,,,,,,
,,9/2,179 683.61,,,,,,,,,
,,,,,,,,,,,,
3d4(5D)4d,e혻6S,5/2,181 949.34,,,,,,,,,
,,,,,,,,,,,,
3d4(5D)5p,y혻6F째,1/2,191 915.43,,,,,,,,,
,,3/2,192 012.75,,,,,,,,,
,,5/2,192 172.89,,,,,,,,,
,,7/2,192 392.20,,,,,,,,,
,,9/2,192 665.80,,,,,,,,,
,,11/2,192 989.05,,,,,,,,,
,,,,,,,,,,,,
3d4(5D)5p,y혻6P째,3/2,192 365.52,,,,,,,,,
,,5/2,192 576.42,,,,,,,,,
,,7/2,192 880.16,,,,,,,,,
,,,,,,,,,,,,
3d4(5D)5p,y혻6D째,1/2,192 741.67,,,,,,,,,
,,3/2,192 948.29,,,,,,,,,
,,5/2,193 235.43,,,,,,,,,
,,7/2,193 498.07,,,,,,,,,
,,9/2,193 756.79,,,,,,,,,
,,,,,,,,,,,,
3d4(3H)4d,e혻4I,9/2,194 446.1,,,,,,,,,
,,11/2,194 893.0,,,,,,,,,
,,13/2,195 141.8,,,,,,,,,
,,15/2,195 455.5,,,,,,,,,
,,,,,,,,,,,,
3d4(5D)5p,w혻4P째,1/2,194 545.78,,,,,,,,,
,,3/2,194 894.78,,,,,,,,,
,,5/2,195 315.78,,,,,,,,,
,,,,,,,,,,,,
3d4(3H)4d,e혻4H,7/2,194 555.4,,,,,,,,,
,,9/2,194 744.0,,,,,,,,,
,,11/2,194 908.20,,,,,,,,,
,,13/2,195 036.20,,,,,,,,,
,,,,,,,,,,,,
3d4(5D)5p,u혻4F째,3/2,194 849.10,,,,,,,,,
,,5/2,194 971.15,,,,,,,,,
,,7/2,195 112.81,,,,,,,,,
,,9/2,195 308.79,,,,,,,,,
,,,,,,,,,,,,
3d4(3H)4d,e혻4K,11/2,194 900.40,,,,,,,,,
,,13/2,195 036.20,,,,,,,,,
,,15/2,195 186.90,,,,,,,,,
,,17/2,195 343.10,,,,,,,,,
,,,,,,,,,,,,
3d4(3H)4d,f혻4G,9/2,195 415.20,,,,,,,,,
,,11/2,195 682.50,,,,,,,,,
,,,,,,,,,,,,
3d4(5D)5p,v혻4D째,1/2,195 462.26,,,,,,,,,
,,3/2,195 592.09,,,,,,,,,
,,5/2,195 752.48,,,,,,,,,
,,7/2,195 948.44,,,,,,,,,
,,,,,,,,,,,,
3d4(5D)4f,z혻6G째,7/2,208 650.54,,,,,,,,,
,,9/2,208 751.60,,,,,,,,,
,,11/2,209 032.30,,,,,,,,,
,,13/2,209 323.03,,,,,,,,,
,,,,,,,,,,,,
3d4(5D)4f,z혻6H째,5/2,208 743.10,,,,,,,,,
,,7/2,208 819.64,,,,,,,,,
,,9/2,208 935.88,,,,,,,,,
,,11/2,209 091.41,,,,,,,,,
,,13/2,209 289.76,,,,,,,,,
,,15/2,209 530.38,,,,,,,,,
,,,,,,,,,,,,
3d4(5D)5d,f혻6G,3/2,215 473.20,,,,,,,,,
,,5/2,215 520.22,,,,,,,,,
,,7/2,215 663.50,,,,,,,,,
,,9/2,215 917.52,,,,,,,,,
,,11/2,216 194.05,,,,,,,,,
,,13/2,216 533.06,,,,,,,,,
,,,,,,,,,,,,
3d4(5D)5d,f혻6F,1/2,215 580.87,,,,,,,,,
,,3/2,215 715.41,,,,,,,,,
,,5/2,215 875.73,,,,,,,,,
,,7/2,216 149.32,,,,,,,,,
,,9/2,216 307.29,,,,,,,,,
,,11/2,216 691.83,,,,,,,,,
,,,,,,,,,,,,
3d4(5D)5d,g혻6D,3/2,215 911.73,,,,,,,,,
,,5/2,216 062.13,,,,,,,,,
,,7/2,216 283.58,,,,,,,,,
,,9/2,216 670.58,,,,,,,,,
,,,,,,,,,,,,
3d4(5D)5d,f혻6P,3/2,216 162.90,,,,,,,,,
,,5/2,216 403.86,,,,,,,,,
,,7/2,216 557.38,,,,,,,,,
,,,,,,,,,,,,
3d4(5D)6s,h혻6D,1/2,216 423.25,,,,,,,,,
,,3/2,216 531.99,,,,,,,,,
,,5/2,216 712.73,,,,,,,,,
,,7/2,216 961.62,,,,,,,,,
,,9/2,217 271.59,,,,,,,,,
,,,,,,,,,,,,
3d4(5D)6s,g혻4D,3/2,217 807.57?,,,,,,,,,
,,5/2,218 067.19?,,,,,,,,,
,,7/2,218 400.40?,,,,,,,,,
,,,,,,,,,,,,
3d4(5D)5d,h혻4G,5/2,217 975.30,,,,,,,,,
,,7/2,218 115.15,,,,,,,,,
,,9/2,218 375.61,,,,,,,,,
,,11/2,218 596.69,,,,,,,,,
,,,,,,,,,,,,
3d4(5D)5d,h혻4D,1/2,218 085.88,,,,,,,,,
,,3/2,218 180.90,,,,,,,,,
,,5/2,218 307.98,,,,,,,,,
,,7/2,218 506.39,,,,,,,,,
,,,,,,,,,,,,
3d4(5D)5d,f혻4P,1/2,218 127.59,,,,,,,,,
,,3/2,218 373.00,,,,,,,,,
,,5/2,218 705.25,,,,,,,,,
,,,,,,,,,,,,
3d4(5D)5d,g혻4F,3/2,218 669.26,,,,,,,,,
,,5/2,218 816.97,,,,,,,,,
,,7/2,218 977.34,,,,,,,,,
,,9/2,219 195.95,,,,,,,,,
,,,,,,,,,,,,
3d4(3H)4f,x혻4H째,13/2,230 134.95,,,,,,,,,
,,11/2,230 281.25,,,,,,,,,
,,9/2,230 369.62,,,,,,,,,
,,7/2,230 506.52,,,,,,,,,
,,,,,,,,,,,,
3d4(5D)5f,y혻6H째,5/2,231 361.28,,,,,,,,,
,,7/2,231 387.66,,,,,,,,,
,,9/2,231 487.34,,,,,,,,,
,,11/2,231 752.76,,,,,,,,,
,,13/2,232 075.44,,,,,,,,,
,,15/2,232 433.03,,,,,,,,,
,,,,,,,,,,,,
3d4(5D)5f,w혻6F째,5/2,232 065.03,,,,,,,,,
,,7/2,232 264.42,,,,,,,,,
,,9/2,232 478.68,,,,,,,,,
,,11/2,232 761.16,,,,,,,,,
,,,,,,,,,,,,
Mn혻IV혻(3d4혻5D0),Limit,---,271 550,100,,,,,,,,"L7185,L457"
